lote,id_item,ruta_origen,ruta_destino_propuesta,area,perfil,tipo,decision,motivo,requiere_revision_humana
L009-A,CB01_I01,content/items/stand-by/Currículo y Contexto Social/CB01_I01.json,content/restructuring-v1/docente/pedagogia/por_confirmar/funcional/CB01_I01.json,pedagogia,por_confirmar,funcional,LISTO_PARA_PILOTAJE,"Buen caso situado sobre pertinencia curricular y diagnóstico comunitario, pero conviene pilotear la competitividad real de los distractores por su asimetría de calidad.",false
L009-A,CB01_I02,content/items/stand-by/Currículo y Contexto Social/CB01_I02.json,content/restructuring-v1/docente/pedagogia/por_confirmar/funcional/CB01_I02.json,pedagogia,por_confirmar,funcional,LISTO_PARA_BANCO,"Ítem sólido sobre flexibilidad curricular ante movilidad estudiantil; mide decisión pedagógica situada con mejor respuesta clara.",false
L009-A,CB01_I03,content/items/stand-by/Currículo y Contexto Social/CB01_I03.json,content/restructuring-v1/docente/pedagogia/por_confirmar/funcional/CB01_I03.json,pedagogia,por_confirmar,funcional,LISTO_PARA_BANCO,"Buen juicio sobre autonomía escolar y adaptación contextual de referentes externos; clave única y distractores funcionales.",false
L009-A,EFCC_B03_I01,content/items/stand-by/Currículo, PEI y evaluación didáctica/EFCC_B03_I01.json,content/restructuring-v1/docente/pedagogia/por_confirmar/funcional/EFCC_B03_I01.json,pedagogia,por_confirmar,funcional,LISTO_PARA_BANCO,"Mide con claridad la diferencia entre reproducción de contenidos y aprendizaje por competencias situado; contexto auténtico y clave nítida.",false
L009-A,EFCC_B03_I02,content/items/stand-by/Currículo, PEI y evaluación didáctica/EFCC_B03_I02.json,content/restructuring-v1/docente/pedagogia/por_confirmar/funcional/EFCC_B03_I02.json,pedagogia,por_confirmar,funcional,DESCARTAR,"Predomina el recuerdo de una tríada conceptual del PEI y el contexto funciona como pretexto; no alcanza demanda cognitiva situada suficiente.",false
L009-A,EFCC_B03_I03,content/items/stand-by/Currículo, PEI y evaluación didáctica/EFCC_B03_I03.json,content/restructuring-v1/docente/pedagogia/por_confirmar/funcional/EFCC_B03_I03.json,pedagogia,por_confirmar,funcional,LISTO_PARA_BANCO,"Buen conflicto de gestión curricular y evaluación docente; integra autonomía escolar, fairness contextual y mejor respuesta clara.",false
L009-A,IDD_B04_I01,content/items/stand-by/DUA, PIAR y ajustes razonables/IDD_B04_I01.json,content/restructuring-v1/docente/pedagogia/por_confirmar/funcional/IDD_B04_I01.json,pedagogia,por_confirmar,funcional,LISTO_PARA_PILOTAJE,"Se puede salvar tras corregir la contradicción entre clave y justificación, pero aún depende parcialmente de distinguir funciones de DUA y PIAR.",true
L009-A,IDD_B04_I02,content/items/stand-by/DUA, PIAR y ajustes razonables/IDD_B04_I02.json,content/restructuring-v1/docente/pedagogia/por_confirmar/funcional/IDD_B04_I02.json,pedagogia,por_confirmar,funcional,DESCARTAR,"Pregunta demasiado cercana a definición básica del DUA; distractores obvios y bajo valor de juicio pedagógico situado.",false
L009-A,IDD_B04_I03,content/items/stand-by/DUA, PIAR y ajustes razonables/IDD_B04_I03.json,content/restructuring-v1/docente/pedagogia/por_confirmar/funcional/IDD_B04_I03.json,pedagogia,por_confirmar,funcional,DESCARTAR,"Depende de recordar la asignación formal de responsabilidades del PIAR y además presenta inconsistencia entre clave y justificación en el archivo fuente.",false
L009-A,IDD_B04_I04,content/items/stand-by/DUA, PIAR y ajustes razonables/IDD_B04_I04.json,content/restructuring-v1/docente/pedagogia/por_confirmar/funcional/IDD_B04_I04.json,pedagogia,por_confirmar,funcional,DESCARTAR,"El núcleo es una definición de ajuste razonable con clave inconsistente en el archivo y poca aplicación normativa situada.",false
