id_item,estado_beta,prioridad,area_canonica,subarea,perfil_sugerido,tipo_item,ruta_actual_o_propuesta,ruta_origen,lote,decisiones,acciones,fuentes,json_materializado,validacion_minima,destino_beta,notas
CB08_I02,PILOTAJE_V1_CANDIDATO,90,gestion,coherencia entre horizonte institucional y accion,rector_director_rural,funcional,content/restructuring-v1/docente/gestion/por_confirmar/funcional/CB08_I02.json,content/items/stand-by/Referentes PEI/CB08_I02.json,L026,LISTO_PARA_BANCO | LISTO_PARA_PILOTAJE,,auditoria/L026 | auditoria/L066 | auditoria/L077,no,,content/items/beta-v1/gestion/CB08_I02.json,"La opcion B es la correcta porque el PEI solo gana fuerza institucional si sus principios se traducen en decisiones, estrategias y criterios verificables en los distintos componentes de la vida escolar. / Conserva valor auténtico porque obliga a leer un desajuste real entre misión institucional y práctica pedagógica o de convivencia. / La respuesta correcta es B porque un PEI institucionalmente coherente debe traducir sus principios declarados en orientaciones curriculares, pedagogicas y de conv"
CB08_I03,PILOTAJE_V1_CANDIDATO,90,gestion,uso del diagnostico para priorizar el mejoramiento institucional,rector_director_rural,funcional,content/restructuring-v1/docente/gestion/por_confirmar/funcional/CB08_I03.json,content/items/stand-by/Referentes PEI/CB08_I03.json,L026,LISTO_PARA_BANCO | LISTO_PARA_PILOTAJE,,auditoria/L026 | auditoria/L066 | auditoria/L077,no,,content/items/beta-v1/gestion/CB08_I03.json,"La opcion B es la unica que convierte el diagnostico en criterio real de priorizacion institucional y de asignacion de recursos, como corresponde a un PMI con sentido. / Conserva valor auténtico porque fuerza priorización institucional desde diagnóstico, PMI y PEI. / La respuesta correcta es B porque un PMI defendible debe responder a la autoevaluacion y al diagnostico institucional. Si las alertas principales son pedagogicas y comunitarias, la planeacion y los recursos deben orientarse a esas b"
CB12_I01,PILOTAJE_V1_CANDIDATO,90,gestion,direccionamiento_institucional,por_confirmar,funcional,content/items/gestion/CB12_I01.json,,,BANCO_OPERACIONAL | Listo para el banco,,content/items | content/items/_banco-operacional.csv,si,clave_ok | justificacion_ok | opciones_ok,content/items/beta-v1/gestion/CB12_I01.json,
CEOL_B03_I05,PILOTAJE_V1_CANDIDATO,90,gestion,Limites frente a intervencion clinica,orientador,funcional,content/restructuring-v1/docente/gestion/orientador/funcional/CEOL_B03_I05.json,"content/items/stand-by/Rol, funciones y límites del orientador escolar/CEOL_B03_I05.json",L027,LISTO_PARA_BANCO,,auditoria/L027,no,,content/items/beta-v1/gestion/CEOL_B03_I05.json,"La opcion correcta delimita con claridad el alcance pedagogico del orientador y remite el componente clinico a la red de salud, evitando confundir acompanamiento escolar con psicoterapia."
GCM-DIR-GES-PEI-0001,PILOTAJE_V1_CANDIDATO,90,gestion,gestion_directiva,por_confirmar,funcional,content/items/gestion/GCM-DIR-GES-PEI-0001.json,,,BANCO_OPERACIONAL | Listo para el banco,,content/items | content/items/_banco-operacional.csv,si,clave_ok | justificacion_ok | opciones_ok,content/items/beta-v1/gestion/GCM-DIR-GES-PEI-0001.json,
MTV_B08_I08,PILOTAJE_V1_CANDIDATO,90,gestion,Concertacion docente,por_confirmar,funcional,content/restructuring-v1/docente/gestion/por_confirmar/comportamental/MTV_B08_I08.json,content/items/stand-by/Habilidades blandas y duras/MTV_B08_I08.json,L018,LISTO_PARA_BANCO | LISTO_PARA_PILOTAJE,,auditoria/L018 | auditoria/L065 | auditoria/L072,no,,content/items/beta-v1/gestion/MTV_B08_I08.json,"La opcion A es la unica que convierte el desacuerdo en trabajo tecnico conjunto y no en obediencia, confrontacion individual o renuncia al trabajo colaborativo. / La decisión previa se mantiene porque el caso sí exige concertación profesional observable, aunque necesita validación humana de encuadre taxonómico."
gestion-liderazgo-apropiacion-pei-001,PILOTAJE_V1_CANDIDATO,90,gestion,gestion_directiva,por_confirmar,funcional,content/items/gestion/gestion-liderazgo-apropiacion-pei-001.json,,,BANCO_OPERACIONAL | Listo para el banco,,content/items | content/items/_banco-operacional.csv,si,clave_ok | justificacion_ok | opciones_ok,content/items/beta-v1/gestion/gestion-liderazgo-apropiacion-pei-001.json,
item-ges-0001,PILOTAJE_V1_CANDIDATO,85,gestion,gestion_directiva,por_confirmar,funcional,content/items/no-beta-v1/banco-operacional-previo/gestion/gestion_directiva/liderazgo_y_clima_escolar/GCM-DIR-GES-PEI-0001.json,,,apto_para_pilotaje,,content/items,si,clave_ok | justificacion_ok | opciones_ok,content/items/beta-v1/gestion/item-ges-0001.json,
CB09_I01,PILOTAJE_V1_RESERVA,65,gestion,Organizacion del horario escolar,por_confirmar,funcional,content/restructuring-v1/docente/gestion/por_confirmar/funcional/CB09_I01.json,content/items/stand-by/Horario escolar/CB09_I01.json,L018,LISTO_PARA_PILOTAJE | OMITIDO_POR_AUDITORIA_PREVIA,,auditoria/L018 | auditoria/L041,no,,content/items/beta-v1/gestion/CB09_I01.json,"La opcion A es la unica que asume la responsabilidad institucional del problema y lo corrige con criterios de gestion. Las otras opciones delegan, recortan el servicio o evaden el problema. / Ya auditado en L018; se conserva la trazabilidad previa y no se reprocesa en este lote."
CEOL_B02_I06,PILOTAJE_V1_RESERVA,65,gestion,actualizacion_restaurativa_del_manual,coordinador,funcional,content/restructuring-v1/docente/gestion/coordinador/funcional/CEOL_B02_I06.json,"content/items/stand-by/Enfoque de derechos, debido proceso y justicia restaurativa/CEOL_B02_I06.json",L013-B,LISTO_PARA_PILOTAJE,,auditoria/L013 | auditoria/L068 | auditoria/L078,no,,content/items/beta-v1/gestion/CEOL_B02_I06.json,"La clave es A porque el Manual de Convivencia no debe ser solo un catálogo de castigos; también debe orientar respuestas pedagógicas, reparadoras y proporcionales. / Trabaja actualización del Manual de Convivencia con sentido pedagógico, aunque no alcanza aún estándar de banco."
IDD_B05_I02,PILOTAJE_V1_RESERVA,65,gestion,estrategia_institucional_de_accesibilidad,coordinador,funcional,content/restructuring-v1/docente/gestion/coordinador/funcional/IDD_B05_I02.json,"content/items/stand-by/Docente de apoyo, orientador y valoración pedagógica/IDD_B05_I02.json",L013-A,LISTO_PARA_PILOTAJE,,auditoria/L013,no,,content/items/beta-v1/gestion/IDD_B05_I02.json,"La clave es A porque la inclusión sostenible exige una respuesta institucional coordinada y no soluciones aisladas, condicionadas o delegadas a un solo actor."
IDD_B05_I04,PILOTAJE_V1_RESERVA,65,gestion,articulacion_del_seguimiento_institucional,coordinador,funcional,content/restructuring-v1/docente/gestion/coordinador/funcional/IDD_B05_I04.json,"content/items/stand-by/Docente de apoyo, orientador y valoración pedagógica/IDD_B05_I04.json",L013-A,LISTO_PARA_PILOTAJE,,auditoria/L013,no,,content/items/beta-v1/gestion/IDD_B05_I04.json,"La clave es A porque el problema central es la falta de articulación; la solución exige coordinación y seguimiento compartido, no delegación a un solo actor."
MTV_B31_I07,PILOTAJE_V1_RESERVA,65,gestion,Idoneidad docente y necesidades del servicio,por_confirmar,funcional,content/restructuring-v1/docente/gestion/por_confirmar/funcional/MTV_B31_I07.json,"content/items/stand-by/Jornada escolar, horario laboral y asignación académica/MTV_B31_I07.json",L021,LISTO_PARA_PILOTAJE | OMITIDO_POR_AUDITORIA_PREVIA,,auditoria/L021 | auditoria/L041,no,,content/items/beta-v1/gestion/MTV_B31_I07.json,"La opcion A es la unica que convierte la norma en criterio tecnico de asignacion y protege la calidad educativa. Las demas respuestas usan criterios informales, afectivos o meramente logísticos. / Ya auditado en L021; se conserva la trazabilidad previa y no se reprocesa en este lote."
MTV_B31_I11,PILOTAJE_V1_RESERVA,65,gestion,Finalidad pedagogica y administrativa,por_confirmar,funcional,content/restructuring-v1/docente/gestion/por_confirmar/funcional/MTV_B31_I11.json,"content/items/stand-by/Jornada escolar, horario laboral y asignación académica/MTV_B31_I11.json",L021,LISTO_PARA_PILOTAJE | OMITIDO_POR_AUDITORIA_PREVIA,,auditoria/L021 | auditoria/L041,no,,content/items/beta-v1/gestion/MTV_B31_I11.json,"La opcion A es la unica que reconoce la organizacion del tiempo como funcion de gestion al servicio del proyecto educativo. Las otras convierten esa organizacion en control pedagogico, sustitucion curricular o concentracion indebida del poder. / Ya auditado en L021; se conserva la trazabilidad previa y no se reprocesa en este lote."
NFL_B01_I04,PILOTAJE_V1_RESERVA,65,gestion,Coherencia entre PEI y practica institucional,por_confirmar,funcional,content/restructuring-v1/docente/gestion/por_confirmar/funcional/NFL_B01_I04.json,"content/items/stand-by/Formación integral, fines de la educación y desarrollo de la personalidad/NFL_B01_I04.json",L017,LISTO_PARA_PILOTAJE,,auditoria/L017,no,,content/items/beta-v1/gestion/NFL_B01_I04.json,"La opcion correcta interviene la practica y crea mecanismos de seguimiento, que es lo necesario cuando el problema no es solo declarativo sino de consistencia institucional."
NFL_B02_I03,PILOTAJE_V1_RESERVA,65,gestion,"Cultura escolar, identidad institucional y coherencia de practicas",por_confirmar,funcional,content/restructuring-v1/docente/gestion/por_confirmar/funcional/,"content/items/stand-by/Cultura escolar, identidad institucional y PEI/NFL_B02_I03.json",L007,LISTO_PARA_PILOTAJE,,auditoria/L007,no,,content/items/beta-v1/gestion/NFL_B02_I03.json,"La opcion B conecta la brecha observada con una accion de gestion verificable: diagnostico participativo, ajuste de practicas y seguimiento institucional. No se limita a decorar el discurso del PEI ni a responder de forma punitiva."
CB08_I01,DESCARTE_TECNICO,-100,gestion,Referentes para actualización del PEI,rector_director_rural,funcional,content/restructuring-v1/docente/gestion/rector_director_rural/funcional/CB08_I01.json,content/items/stand-by/Referentes PEI/CB08_I01.json,L001,DESCARTAR | LISTO_PARA_PILOTAJE,,auditoria/L001 | auditoria/L026 | auditoria/L066 | auditoria/L077,no,,content/restructuring-v1/00-beta-v1/remanufactura/CB08_I01.json,"El PEI requiere una base integral: fines formativos, lectura del contexto, orientación pedagógica y acuerdos construidos por la comunidad educativa. / Reduce el PEI a un listado generico de referentes y se resuelve por exclusion facil, sin lectura institucional situada ni suficiente valor discriminativo. / Memoria conceptual sobre referentes del PEI sin lectura institucional situada. / Solo pide seleccionar el conjunto correcto de referentes del PEI. La clave es evidente y los distractores repre"
