orden_piloto,estado_pilotaje,id_item,estado_beta,prioridad,area_canonica,subarea,perfil_sugerido,tipo_item,ruta_actual_o_propuesta,ruta_origen,lote,decisiones,acciones,fuentes,json_materializado,validacion_minima,destino_beta,notas
36,PILOTAJE_V1,DIL_B04_I01,PILOTAJE_V1_CANDIDATO,100,normatividad,Activacion de ruta ante riesgo,por_confirmar,funcional,"content/items/Responsabilidad legal escolar, riesgos y prohibición de tratos degradantes/DIL_B04_I01.json","content/items/Responsabilidad legal escolar, riesgos y prohibición de tratos degradantes/DIL_B04_I01.json",L027,LISTO_PARA_BANCO | MATERIALIZADO,mantener_en_banco | movido_a_content_items,auditoria/L027 | auditoria/L068 | auditoria/L078 | auditoria/L081 | content/items | fase-5/banco-final | fase-5b/microbloque-01/banco-premium,si,clave_ok | justificacion_ok | opciones_ok,content/items/beta-v1/normatividad/DIL_B04_I01.json,"Exige actuación situada de protección y activación de ruta; movido a ubicación final en content/items. / Ya materializado en Fase 5. / La opcion correcta se ajusta al deber de garante de la institucion: actuar con reserva, documentar hechos observables y activar la ruta competente sin retrasar la proteccion ni revictimizar al estudiante. / Convierte deber de cuidado y activación de ruta en una respuesta escolar observable sin recaer en memoria pura."
37,PILOTAJE_V1,CB04_I01,PILOTAJE_V1_CANDIDATO,90,normatividad,"PIAR, DUA y ajustes razonables",por_confirmar,funcional,content/restructuring-v1/docente/normatividad/por_confirmar/funcional/CB04_I01.json,content/items/stand-by/Inclusión Decreto 1421/CB04_I01.json,L019,LISTO_PARA_BANCO,,auditoria/L019,no,,content/items/beta-v1/normatividad/CB04_I01.json,"La opción correcta mantiene la obligación institucional de remover barreras y concretar apoyos pertinentes dentro del aula común. El Decreto 1421 no ordena segregar ni suspender el PIAR, y tampoco equipara inclusión con rebajar las metas de todo el grupo."
38,PILOTAJE_V1,CEOL_B02_I07,PILOTAJE_V1_CANDIDATO,90,normatividad,Actuación disciplinaria restaurativa,coordinador,funcional,content/restructuring-v1/docente/normatividad/coordinador/funcional/CEOL_B02_I07.json,"content/items/stand-by/Enfoque de derechos, debido proceso y justicia restaurativa/CEOL_B02_I07.json",L045,LISTO_PARA_BANCO | LISTO_PARA_PILOTAJE,,auditoria/L045 | auditoria/L056 | auditoria/L068 | auditoria/L078 | fase-5/pilotaje,no,,content/items/beta-v1/normatividad/CEOL_B02_I07.json,"Registro corregido desde L056 con trazabilidad de lote verificable. / La opción B es la mejor respuesta porque articula garantías mínimas del debido proceso con una salida restaurativa que busca reparación y seguimiento, no solo castigo o cierre informal. / La opción A es la más sólida porque combina garantías procedimentales, documentación, proporcionalidad y reparación. No renuncia al enfoque restaurativo, pero tampoco elimina la trazabilidad ni el análisis individual de responsabilidades. / E"
39,PILOTAJE_V1,CEOL_B03_I02,PILOTAJE_V1_CANDIDATO,90,normatividad,Limites frente a vulneracion grave de derechos,orientador,funcional,content/restructuring-v1/docente/normatividad/orientador/funcional/CEOL_B03_I02.json,"content/items/stand-by/Rol, funciones y límites del orientador escolar/CEOL_B03_I02.json",L027,LISTO_PARA_BANCO,,auditoria/L027,no,,content/items/beta-v1/normatividad/CEOL_B03_I02.json,"La opcion correcta delimita con precision el rol del orientador frente a vulneraciones graves: contener, proteger y activar la ruta, no investigar ni producir prueba judicial."
40,PILOTAJE_V1,CEOL_B10_I02,PILOTAJE_V1_CANDIDATO,90,normatividad,organizacion_educativa,rector_director_rural,funcional,content/items/normatividad/CEOL_B10_I02.json,"content/items/stand-by/Autonomía institucional, enfoques de convivencia y organización del servicio educativo/CEOL_B10_I02.json",L003,BANCO_OPERACIONAL | LISTO_PARA_PILOTAJE | Listo para el banco | OMITIDO_POR_AUDITORIA_PREVIA,,auditoria/L003 | auditoria/L035 | auditoria/L058 | auditoria/L077 | content/items | content/items/_banco-operacional.csv,si,clave_ok | justificacion_ok | opciones_ok,content/items/beta-v1/normatividad/CEOL_B10_I02.json,"La clave es C porque la autonomía escolar habilita respuestas pedagógicas e institucionales contextualizadas, pero nunca por fuera de la jerarquía normativa ni del debido proceso. La opción correcta reconoce autonomía con límites jurídicos y operativos. / Se conserva por su juicio institucional observable sobre autonomía escolar y debido proceso. / La respuesta correcta es C porque la autonomia escolar permite organizar respuestas institucionales contextualizadas, pero no por fuera del marco con"
41,PILOTAJE_V1,CEOL_B10_I03,PILOTAJE_V1_CANDIDATO,90,normatividad,organizacion_educativa,por_confirmar,funcional,content/items/normatividad/CEOL_B10_I03.json,"content/items/stand-by/Autonomía institucional, enfoques de convivencia y organización del servicio educativo/CEOL_B10_I03.json",L003,BANCO_OPERACIONAL | LISTO_PARA_PILOTAJE | Listo para el banco | OMITIDO_POR_AUDITORIA_PREVIA,,auditoria/L003 | auditoria/L035 | auditoria/L058 | auditoria/L077 | content/items | content/items/_banco-operacional.csv,si,clave_ok | justificacion_ok | opciones_ok,content/items/beta-v1/normatividad/CEOL_B10_I03.json,"La clave es A porque refleja un enfoque preventivo, participativo y formativo de la convivencia: construcción compartida de acuerdos, anticipación de riesgos, mediación cotidiana y seguimiento sostenido del clima del aula. / Se conserva porque traduce convivencia aplicada en práctica docente observable, aunque mantiene revisión humana de clasificación. / La respuesta correcta es A porque combina prevencion, participacion, mediacion y seguimiento, que son rasgos de una gestion formativa y avanzad"
42,PILOTAJE_V1,CEOL_B10_I04,PILOTAJE_V1_CANDIDATO,90,normatividad,organizacion_educativa,rector_director_rural,funcional,content/items/normatividad/CEOL_B10_I04.json,"content/items/stand-by/Autonomía institucional, enfoques de convivencia y organización del servicio educativo/CEOL_B10_I04.json",L003,BANCO_OPERACIONAL | LISTO_PARA_PILOTAJE | Listo para el banco | OMITIDO_POR_AUDITORIA_PREVIA,,auditoria/L003 | auditoria/L035 | auditoria/L058 | auditoria/L077 | content/items | content/items/_banco-operacional.csv,si,clave_ok | justificacion_ok | opciones_ok,content/items/beta-v1/normatividad/CEOL_B10_I04.json,"La clave es C porque armoniza el deber de garantizar continuidad del servicio con el respeto por la asignación académica, la jornada laboral y la diferenciación de roles. Resuelve la contingencia con planeación institucional y no con sobrecarga improvisada. / Se conserva por su caso funcional sobre continuidad del servicio y límites laborales con autonomía institucional situada. / La respuesta correcta es C porque armoniza continuidad del servicio, organizacion institucional y respeto de los lim"
43,PILOTAJE_V1,DIL_B02_I02,PILOTAJE_V1_CANDIDATO,90,normatividad,activacion de ruta ante indicios de vulneracion,por_confirmar,funcional,content/restructuring-v1/docente/normatividad/por_confirmar/funcional/DIL_B02_I02.json,content/items/stand-by/PARD y restablecimiento de derechos/DIL_B02_I02.json,L023,LISTO_PARA_BANCO | LISTO_PARA_PILOTAJE,,auditoria/L023 | auditoria/L064,no,,content/items/beta-v1/normatividad/DIL_B02_I02.json,La opcion A es la unica que conecta el caso con el supuesto juridico y protector correcto: indicios de vulneracion de derechos que obligan a activar la ruta y dar traslado a autoridad competente.
44,PILOTAJE_V1,DIL_B02_I06,PILOTAJE_V1_CANDIDATO,90,normatividad,limites de competencia escolar frente a presunto abuso,por_confirmar,funcional,content/restructuring-v1/docente/normatividad/por_confirmar/funcional/DIL_B02_I06.json,content/items/stand-by/PARD y restablecimiento de derechos/DIL_B02_I06.json,L023,LISTO_PARA_BANCO,,auditoria/L023 | auditoria/L064,no,,content/items/beta-v1/normatividad/DIL_B02_I06.json,"La opcion A recoge la respuesta institucional correcta: proteccion inmediata, documentacion objetiva y traslado oportuno a autoridad competente, evitando revictimizacion y extralimitacion de funciones."
45,PILOTAJE_V1,DIL_B03_I04,PILOTAJE_V1_CANDIDATO,90,normatividad,evolucion_normativa_infancia,por_confirmar,funcional,content/items/normatividad/DIL_B03_I04.json,content/items/stand-by/Evolución normativa - Código del Menor vs. Ley 1098/DIL_B03_I04.json,L016,BANCO_OPERACIONAL | LISTO_PARA_PILOTAJE | Listo para el banco,,auditoria/L016 | content/items | content/items/_banco-operacional.csv | fase-5/pilotaje,si,clave_ok | justificacion_ok | opciones_ok,content/items/beta-v1/normatividad/DIL_B03_I04.json,"Ítem normativo relativamente situado sobre protección integral y rutas institucionales. / La opción A es la mejor respuesta porque lleva el principio de protección integral a actuaciones escolares concretas: prevenir, detectar, reportar y articular rutas sin esperar daño extremo ni orden judicial previa."
46,PILOTAJE_V1,DIL_B04_I03,PILOTAJE_V1_CANDIDATO,90,normatividad,Limites de la investigacion escolar,orientador,funcional,content/restructuring-v1/docente/normatividad/orientador/funcional/DIL_B04_I03.json,"content/items/stand-by/Responsabilidad legal escolar, riesgos y prohibición de tratos degradantes/DIL_B04_I03.json",L027,LISTO_PARA_BANCO | LISTO_PARA_PILOTAJE,,auditoria/L027 | auditoria/L068 | auditoria/L078 | auditoria/L081,no,,content/items/beta-v1/normatividad/DIL_B04_I03.json,"La opcion correcta diferencia con nitidez la funcion protectora de la escuela frente a la investigacion judicial y evita practicas que podrian revictimizar o retrasar la respuesta estatal. / El caso es pertinente y situado, pero la clave aún compite poco con distractores débiles."
47,PILOTAJE_V1,DIL_B04_I05,PILOTAJE_V1_CANDIDATO,90,normatividad,Disciplina formativa y dignidad,por_confirmar,funcional,content/restructuring-v1/docente/normatividad/por_confirmar/comportamental/DIL_B04_I05.json,"content/items/stand-by/Responsabilidad legal escolar, riesgos y prohibición de tratos degradantes/DIL_B04_I05.json",L027,LISTO_PARA_BANCO | LISTO_PARA_PILOTAJE,,auditoria/L027 | auditoria/L068 | auditoria/L078 | auditoria/L081,no,,content/items/beta-v1/normatividad/DIL_B04_I05.json,"La opcion correcta protege dignidad, aprendizaje reflexivo y reparacion del dano, mientras evita castigos humillantes, sanciones academicas improcedentes y vulneraciones al debido proceso. / Mide respuesta formativa no degradante, pero la clave sigue muy previsible frente a opciones poco competitivas."
48,PILOTAJE_V1,DIL_B05_I01,PILOTAJE_V1_CANDIDATO,90,normatividad,menor_infractor,orientador,funcional,content/items/normatividad/DIL_B05_I01.json,"content/items/stand-by/Menor infractor, edad penal y rutas de protección/DIL_B05_I01.json",L022,BANCO_OPERACIONAL | LISTO_PARA_BANCO | LISTO_PARA_PILOTAJE | Listo para el banco,,auditoria/L022 | auditoria/L064 | content/items | content/items/_banco-operacional.csv,si,clave_ok | justificacion_ok | opciones_ok,content/items/beta-v1/normatividad/DIL_B05_I01.json,"La respuesta correcta activa la ruta de protección y restablecimiento correspondiente para un menor de 14 años, evitando judicialización penal ordinaria y respuestas expulsivas o ilegales."
49,PILOTAJE_V1,EIP_B02_I05,PILOTAJE_V1_CANDIDATO,90,normatividad,Promoción y apoyo pedagógico en preescolar,preescolar,funcional,content/restructuring-v1/docente/normatividad/preescolar/funcional/EIP_B02_I05.json,content/items/stand-by/Marco legal del preescolar y organización del nivel/EIP_B02_I05.json,L022,LISTO_PARA_BANCO,,auditoria/L022,no,,content/items/beta-v1/normatividad/EIP_B02_I05.json,La respuesta correcta mantiene el enfoque del nivel: acompañar el desarrollo con apoyos pedagógicos sin convertir las diferencias de ritmo en causal de reprobación o exclusión.
50,PILOTAJE_V1,IDD_B15_I01,PILOTAJE_V1_CANDIDATO,90,normatividad,currículo_y_dur_1075,por_confirmar,funcional,content/items/normatividad/IDD_B15_I01.json,"content/items/stand-by/Currículo oficial, oculto, nulo, PEI y DUR 1075/IDD_B15_I01.json",L008,BANCO_OPERACIONAL | LISTO_PARA_BANCO | Listo para el banco | OMITIDO_POR_AUDITORIA_PREVIA,,auditoria/L008 | auditoria/L032 | content/items | content/items/_banco-operacional.csv,si,clave_ok | justificacion_ok | opciones_ok,content/items/beta-v1/normatividad/IDD_B15_I01.json,"La inclusión curricular exige participación en aula regular con apoyos y ajustes razonables, no segregación ni homogeneización formal. / Ya auditado en L008 y conservado en L029 como trazabilidad previa; no se reprocesa."
51,PILOTAJE_V1,NFL_B03_I01,PILOTAJE_V1_CANDIDATO,90,normatividad,debido_proceso,coordinador,funcional,content/items/normatividad/NFL_B03_I01.json,"content/items/stand-by/Debido proceso, congruencia y medidas correctivas extremas/NFL_B03_I01.json",L010-A,BANCO_OPERACIONAL | LISTO_PARA_PILOTAJE | Listo para el banco | OMITIDO_POR_AUDITORIA_PREVIA,,auditoria/L010 | auditoria/L035 | content/items | content/items/_banco-operacional.csv,si,clave_ok | justificacion_ok | opciones_ok,content/items/beta-v1/normatividad/NFL_B03_I01.json,"La clave es C porque una medida extrema exige proceso previo, posibilidad real de defensa y valoración integral del caso, incluida la posible incidencia de necesidades de apoyo o de inclusión."
52,PILOTAJE_V1,NFL_B03_I02,PILOTAJE_V1_CANDIDATO,90,normatividad,debido_proceso,coordinador,funcional,content/items/normatividad/NFL_B03_I02.json,"content/items/stand-by/Debido proceso, congruencia y medidas correctivas extremas/NFL_B03_I02.json",L010-A,BANCO_OPERACIONAL | LISTO_PARA_PILOTAJE | Listo para el banco | OMITIDO_POR_AUDITORIA_PREVIA,,auditoria/L010 | auditoria/L035 | content/items | content/items/_banco-operacional.csv,si,clave_ok | justificacion_ok | opciones_ok,content/items/beta-v1/normatividad/NFL_B03_I02.json,"La clave es A porque la congruencia exige correspondencia entre cargos comunicados, debate y decisión final. Si la institución sanciona por hechos nuevos sin permitir contradicción, rompe el derecho de defensa."
53,PILOTAJE_V1,NFL_B03_I05,PILOTAJE_V1_CANDIDATO,90,normatividad,debido_proceso,coordinador,funcional,content/items/normatividad/NFL_B03_I05.json,"content/items/stand-by/Debido proceso, congruencia y medidas correctivas extremas/NFL_B03_I05.json",L010-A,BANCO_OPERACIONAL | LISTO_PARA_PILOTAJE | Listo para el banco | OMITIDO_POR_AUDITORIA_PREVIA,,auditoria/L010 | auditoria/L035 | content/items | content/items/_banco-operacional.csv,si,clave_ok | justificacion_ok | opciones_ok,content/items/beta-v1/normatividad/NFL_B03_I05.json,"La clave es A porque sin conocimiento previo de los cargos ni oportunidad de responder, el estudiante y su familia quedan privados del núcleo básico del derecho de defensa."
54,PILOTAJE_V1,NFL_B07_I01,PILOTAJE_V1_CANDIDATO,90,normatividad,"Acceso, permanencia e inclusión",por_confirmar,funcional,content/restructuring-v1/docente/normatividad/por_confirmar/funcional/NFL_B07_I01.json,"content/items/stand-by/Educación como derecho fundamental, bien común y derecho pluridimensional/NFL_B07_I01.json",L001,LISTO_PARA_BANCO | LISTO_PARA_PILOTAJE,,auditoria/L001 | auditoria/L075,no,,content/items/beta-v1/normatividad/NFL_B07_I01.json,"El derecho a la educación no se agota en el cupo escolar: compromete condiciones efectivas de permanencia, inclusión y calidad."
55,PILOTAJE_V1,NFL_B08_I01,PILOTAJE_CON_AJUSTE,90,normatividad,Ajustes razonables y barreras,por_confirmar,funcional,content/restructuring-v1/docente/normatividad/por_confirmar/funcional/NFL_B08_I01.json,"content/items/stand-by/Igualdad material, discriminación positiva y debilidad manifiesta/NFL_B08_I01.json",L039,LISTO_PARA_BANCO | LISTO_PARA_PILOTAJE | OMITIDO_POR_AUDITORIA_PREVIA | OPERACIONAL_AJUSTADO,ajuste_menor_pre_pilotaje | pilotar,auditoria/L001 | auditoria/L019 | auditoria/L039 | fase-5b/banco-operacional/part-003.csv | fase-5b/remediacion-liviana/part-003.csv,no,,content/items/beta-v1/normatividad/NFL_B08_I01.json,"La igualdad material exige remover barreras con apoyos pertinentes, no uniformar el trato ni vaciar la experiencia educativa de propósito pedagógico. / La igualdad material exige responder a barreras reales con apoyos y ajustes razonables; no equivale ni a uniformidad ni a renuncia al aprendizaje."
84,PILOTAJE_V1,PPDC_B06_I01,PILOTAJE_V1_CANDIDATO,90,normatividad,"Diversidad étnica, cultura e historia",por_confirmar,funcional,content/restructuring-v1/docente/normatividad/por_confirmar/funcional/PPDC_B06_I01.json,"content/items/stand-by/Normatividad, fines de la educación y educación no formal/PPDC_B06_I01.json",L001,LISTO_PARA_BANCO | LISTO_PARA_PILOTAJE | OMITIDO_POR_AUDITORIA_PREVIA,,auditoria/L001 | auditoria/L023 | auditoria/L041,no,,content/items/beta-v1/normatividad/PPDC_B06_I01.json,"La integración transversal permite materializar fines formativos asociados a ciudadanía crítica, memoria, identidad y reconocimiento de la diversidad. / La opcion B convierte los fines de la educacion en una orientacion curricular concreta: formar identidad, memoria historica y respeto por la diversidad desde experiencias sostenidas y no desde actos simbolicos aislados. / Ya auditado en L023; se conserva la trazabilidad previa y no se reprocesa en este lote."
85,PILOTAJE_V1,normatividad-convivencia-escolar-001,PILOTAJE_V1_CANDIDATO,90,normatividad,convivencia_escolar,por_confirmar,funcional,content/items/normatividad/normatividad-convivencia-escolar-001.json,,,BANCO_OPERACIONAL | Listo para el banco,,content/items | content/items/_banco-operacional.csv,si,clave_ok | justificacion_ok | opciones_ok,content/items/beta-v1/normatividad/normatividad-convivencia-escolar-001.json,
86,PILOTAJE_V1,normatividad-convivencia-escolar-002,PILOTAJE_V1_CANDIDATO,90,normatividad,convivencia_escolar,por_confirmar,funcional,content/items/normatividad/normatividad-convivencia-escolar-002.json,,,BANCO_OPERACIONAL | Listo para el banco,,content/items | content/items/_banco-operacional.csv,si,clave_ok | justificacion_ok | opciones_ok,content/items/beta-v1/normatividad/normatividad-convivencia-escolar-002.json,
87,PILOTAJE_V1,normatividad-evaluacion-normativa-001,PILOTAJE_V1_CANDIDATO,90,normatividad,evaluacion_del_aprendizaje,por_confirmar,funcional,content/items/normatividad/normatividad-evaluacion-normativa-001.json,,,BANCO_OPERACIONAL | Listo para el banco,,content/items | content/items/_banco-operacional.csv,si,clave_ok | justificacion_ok | opciones_ok,content/items/beta-v1/normatividad/normatividad-evaluacion-normativa-001.json,
88,PILOTAJE_V1,normatividad-funcion-docente-001,PILOTAJE_V1_CANDIDATO,90,normatividad,carrera_docente,por_confirmar,funcional,content/items/normatividad/normatividad-funcion-docente-001.json,,,BANCO_OPERACIONAL | Listo para el banco,,content/items | content/items/_banco-operacional.csv,si,clave_ok | justificacion_ok | opciones_ok,content/items/beta-v1/normatividad/normatividad-funcion-docente-001.json,
89,PILOTAJE_V1,normatividad-inclusion-001,PILOTAJE_V1_CANDIDATO,90,normatividad,inclusion_y_equidad,por_confirmar,funcional,content/items/normatividad/normatividad-inclusion-001.json,,,BANCO_OPERACIONAL | Listo para el banco,,content/items | content/items/_banco-operacional.csv,si,clave_ok | justificacion_ok | opciones_ok,content/items/beta-v1/normatividad/normatividad-inclusion-001.json,
