"id_item","estado_beta","prioridad","area_canonica","subarea","perfil_sugerido","tipo_item","aprovechamiento_opec","ruta_origen","lote","notas","fuente_backlog"
"NFL_B08_I01","PILOTAJE_CON_AJUSTE","90","normatividad","Ajustes razonables y barreras","por_confirmar","funcional","PROMOVER_BETA_AJUSTE_MENOR","content/items/stand-by/Igualdad material, discriminación positiva y debilidad manifiesta/NFL_B08_I01.json","L039","La igualdad material exige remover barreras con apoyos pertinentes, no uniformar el trato ni vaciar la experiencia educativa de propósito pedagógico. / La igualdad material exige responder a barreras reales con apoyos y ajustes razonables; no equivale ni a uniformidad ni a renuncia al aprendizaje.","remanufactura/deuda-remanufactura-total.csv"
"GA02_B03_I03","PILOTAJE_CON_AJUSTE","90","pedagogia","didactica_y_planeacion","orientador","funcional","PROMOVER_BETA_AJUSTE_MENOR","content/items/stand-by/Didáctica, diversidad y planeación de aula/GA02_B03_I03.json","L043","El PIAR requiere articulación interdisciplinaria y corresponsabilidad.","remanufactura/deuda-remanufactura-total.csv"
"MTV_B22_I02","PILOTAJE_CON_AJUSTE","90","pedagogia","aprendizaje_significativo","por_confirmar","funcional","PROMOVER_BETA_AJUSTE_MENOR","content/items/stand-by/Aprendizaje significativo Ausubel/MTV_B22_I02.json","L047","La opción A es la mejor respuesta porque la secuencia parte de experiencias conocidas para enlazar el nuevo contenido con significados ya disponibles en los estudiantes.","remanufactura/deuda-remanufactura-total.csv"
"MTV_B22_I06","PILOTAJE_CON_AJUSTE","90","pedagogia","aprendizaje_significativo","por_confirmar","funcional","PROMOVER_BETA_AJUSTE_MENOR","content/items/stand-by/Aprendizaje significativo Ausubel/MTV_B22_I06.json","L047","La opción A es la mejor respuesta porque la docente parte de una concepción previa y la somete a contraste con evidencia para favorecer comprensión más elaborada.","remanufactura/deuda-remanufactura-total.csv"
"MTV_B22_I09","PILOTAJE_CON_AJUSTE","90","pedagogia","aprendizaje_significativo","por_confirmar","funcional","PROMOVER_BETA_AJUSTE_MENOR","content/items/stand-by/Aprendizaje significativo Ausubel/MTV_B22_I09.json","L047","La opción B es la mejor porque parte de situaciones familiares que ayudan a enlazar el nuevo concepto con experiencias previas antes de avanzar a la formalización.","remanufactura/deuda-remanufactura-total.csv"
"NFL_B08_I03","PILOTAJE_CON_AJUSTE","75","normatividad","Igualdad formal versus igualdad material","por_confirmar","funcional","PROMOVER_BETA_AJUSTE_MENOR","content/items/stand-by/Igualdad material, discriminación positiva y debilidad manifiesta/NFL_B08_I03.json","L039","La igualdad material obliga a considerar las barreras reales de acceso y participación; por eso un trato idéntico puede producir exclusión cuando niega ajustes necesarios.","remanufactura/deuda-remanufactura-total.csv"
"EIP_B07_I01","PILOTAJE_CON_AJUSTE","75","pedagogia","Comprension conceptual en secundaria","secundaria_media","funcional","PROMOVER_BETA_AJUSTE_MENOR","content/items/stand-by/Pensamiento científico y didáctica en básica secundaria/EIP_B07_I01.json","L043","La opcion B es la unica que cuestiona la ausencia de indagacion y sentido fenomenico sin caer en negaciones caricaturescas del conocimiento cientifico o del uso de formulas.","remanufactura/deuda-remanufactura-total.csv"
"EIP_B07_I02","PILOTAJE_CON_AJUSTE","75","pedagogia","Indagacion experimental","secundaria_media","funcional","PROMOVER_BETA_AJUSTE_MENOR","content/items/stand-by/Pensamiento científico y didáctica en básica secundaria/EIP_B07_I02.json","L043","La opcion A es la unica que integra observacion, relacion variable-fenomeno y construccion explicativa. Las otras minimizan el papel del analisis o reducen la actividad a motivacion superficial.","remanufactura/deuda-remanufactura-total.csv"
"EIP_B07_I03","PILOTAJE_CON_AJUSTE","75","pedagogia","Ajuste metodologico","secundaria_media","funcional","PROMOVER_BETA_AJUSTE_MENOR","content/items/stand-by/Pensamiento científico y didáctica en básica secundaria/EIP_B07_I03.json","L043","La opcion B es la unica que reorienta la metodologia hacia indagacion, evidencia y transferencia. Las otras respuestas profundizan justo el problema descrito.","remanufactura/deuda-remanufactura-total.csv"
"IDD_B06_I01","PILOTAJE_CON_AJUSTE","75","pedagogia","participacion en el mismo proposito de aprendizaje","por_confirmar","funcional","PROMOVER_BETA_AJUSTE_MENOR","content/items/stand-by/Inclusión práctica vs. segregación en aula/IDD_B06_I01.json","L039","La opcion A mantiene el nucleo de la educacion inclusiva: mismo proposito formativo, participacion y apoyos pertinentes. Una tarea paralela sin valor curricular compartido produce segregacion encubierta.","remanufactura/deuda-remanufactura-total.csv"
"IDD_B06_I02","PILOTAJE_CON_AJUSTE","75","pedagogia","uso de apoyos visuales sin aislar al estudiante","por_confirmar","funcional","PROMOVER_BETA_AJUSTE_MENOR","content/items/stand-by/Inclusión práctica vs. segregación en aula/IDD_B06_I02.json","L039","Registro corregido desde L020-A con trazabilidad de lote verificable. / La opcion C traduce el principio del DUA: planear desde el inicio multiples formas de acceso y expresion sin romper el objetivo compartido ni aislar al estudiante.","remanufactura/deuda-remanufactura-total.csv"
"IDD_B07_I02","PILOTAJE_CON_AJUSTE","75","pedagogia","transformacion de la ensenanza frente a diversidad","por_confirmar","funcional","PROMOVER_BETA_AJUSTE_MENOR","content/items/stand-by/Inclusión, equidad socioeconómica y adaptabilidad curricular/IDD_B07_I02.json","L039","La opcion A recoge el principio de adaptabilidad curricular: el sistema educativo se transforma para remover barreras y ampliar acceso, participacion y aprendizaje.","remanufactura/deuda-remanufactura-total.csv"
"IDD_B11_I01","PILOTAJE_CON_AJUSTE","75","pedagogia","Mediacion ante errores procedimentales en matematicas","por_confirmar","funcional","PROMOVER_BETA_AJUSTE_MENOR","content/items/stand-by/Error, conflicto cognitivo y reestructuración de esquemas/IDD_B11_I01.json","L047","La opcion A obliga a hacer visible el significado de la fraccion y confronta el procedimiento errado con una representacion que permite revisarlo. No castiga ni reemplaza la actividad cognitiva del estudiante.","remanufactura/deuda-remanufactura-total.csv"
"IDD_B11_I03","PILOTAJE_CON_AJUSTE","75","pedagogia","Contraste empirico de concepciones intuitivas","por_confirmar","funcional","PROMOVER_BETA_AJUSTE_MENOR","content/items/stand-by/Error, conflicto cognitivo y reestructuración de esquemas/IDD_B11_I03.json","L047","La opcion A no se limita a nombrar la teoria correcta: hace chocar la regla intuitiva con una evidencia incompatible y obliga a revisar la explicacion. Ese es el nucleo del conflicto cognitivo formativo.","remanufactura/deuda-remanufactura-total.csv"
"IDD_B11_I04","PILOTAJE_CON_AJUSTE","75","pedagogia","Uso de errores colectivos para ajustar la enseñanza","por_confirmar","funcional","PROMOVER_BETA_AJUSTE_MENOR","content/items/stand-by/Error, conflicto cognitivo y reestructuración de esquemas/IDD_B11_I04.json","L047","Cuando el error es colectivo, la lectura formativa apunta a revisar mediacion, representaciones y secuencia de aprendizaje. La opcion A convierte el resultado en informacion para intervenir, no solo para clasificar.","remanufactura/deuda-remanufactura-total.csv"
"MTV_B23_I01","PILOTAJE_CON_AJUSTE","75","pedagogia","Secuencias experimentales para conflicto cognitivo","por_confirmar","funcional","PROMOVER_BETA_AJUSTE_MENOR","content/items/stand-by/Error, conflicto cognitivo y reestructuración de esquemas/MTV_B23_I01.json","L047","La opcion A conserva el nucleo del cambio conceptual: prediccion, contraste con evidencia y revision de la explicacion. Las otras opciones evitan o tercerizan esa confrontacion.","remanufactura/deuda-remanufactura-total.csv"
"IDD_B01_I01","DESCARTE_TECNICO","-100","competencias_ciudadanas","Diversidad de tonos de piel en el aula","por_confirmar","funcional","REUTILIZAR_CASO_OPEC","content/items/stand-by/Sesgos culturales, lenguaje inclusivo y discriminación cotidiana/IDD_B01_I01.json","L001","La expresión instala como norma un único tono de piel y borra la pluralidad corporal y cultural presente en el aula. / Aunque el caso es reconocible, la clave se vuelve moralmente obvia y los distractores no funcionan como errores pedagogicos plausibles sino como caricaturas patologizantes o disciplinarias. / Pregunta de identificacion de sesgo con distractores extremados y baja discriminacion psicometrica real.","remanufactura/deuda-remanufactura-total.csv"
"IDD_B01_I02","DESCARTE_TECNICO","-100","competencias_ciudadanas","Mediacion docente frente a expresion discriminatoria naturalizada","por_confirmar","funcional","REUTILIZAR_CASO_OPEC","content/items/stand-by/Sesgos culturales, lenguaje inclusivo y discriminación cotidiana/IDD_B01_I02.json","L027","La opcion correcta trabaja el sesgo como oportunidad de aprendizaje, no como falta moral a castigar ni como asunto a omitir. Invita a observar, contrastar y reconstruir el lenguaje usado por el grupo. / La mejor intervencion es demasiado evidente y las alternativas restantes caen en omision o pseudoempatia punitiva.","remanufactura/deuda-remanufactura-total.csv"
"IDD_B01_I03","DESCARTE_TECNICO","-100","competencias_ciudadanas","Mediación docente frente a lenguaje estigmatizante","por_confirmar","funcional","REVISION_OPEC","content/items/stand-by/Sesgos culturales, lenguaje inclusivo y discriminación cotidiana/IDD_B01_I03.json","L046","La opción B es la más sólida porque corrige el lenguaje de forma profesional y pedagógica, explicita el impacto del término en la dignidad y evita que la conversación siga organizada alrededor del déficit. Además, reconduce la discusión hacia decisiones institucionales observables sobre participación y apoyos. / Predomina la adhesión discursiva a lenguaje de derechos; la tarea se resuelve por vocabulario normativo y no por juicio pedagógico fino.","remanufactura/deuda-remanufactura-total.csv"
"CB08_I01","DESCARTE_TECNICO","-100","gestion","Referentes para actualización del PEI","rector_director_rural","funcional","RECONSTRUIR_OPEC","content/items/stand-by/Referentes PEI/CB08_I01.json","L001","El PEI requiere una base integral: fines formativos, lectura del contexto, orientación pedagógica y acuerdos construidos por la comunidad educativa. / Reduce el PEI a un listado generico de referentes y se resuelve por exclusion facil, sin lectura institucional situada ni suficiente valor discriminativo. / Memoria conceptual sobre referentes del PEI sin lectura institucional situada. / Solo pide seleccionar el conjunto correcto de referentes del PEI. La clave es evidente y los distractores repre","remanufactura/deuda-remanufactura-total.csv"
"IDD_B17_I01","DESCARTE_TECNICO","-100","lectura_critica","aptitud_verbal","por_confirmar","funcional","REVISION_OPEC","content/items/stand-by/Aptitud verbal y organización textual/IDD_B17_I01.json","L030","La tarea es un ordenamiento secuencial mecanico y transparente; no alcanza el umbral de lectura critica ni aporta suficiente valor al perfil docente.","remanufactura/deuda-remanufactura-total.csv"
"IDD_B17_I02","DESCARTE_TECNICO","-100","lectura_critica","aptitud_verbal","por_confirmar","funcional","REUTILIZAR_CASO_OPEC","content/items/stand-by/Aptitud verbal y organización textual/IDD_B17_I02.json","L030","Se resuelve por progresion narrativa demasiado evidente y mide una habilidad textual trivial para una prueba docente.","remanufactura/deuda-remanufactura-total.csv"
"IDD_B17_I03","DESCARTE_TECNICO","-100","lectura_critica","aptitud_verbal","por_confirmar","funcional","REUTILIZAR_CASO_OPEC","content/items/stand-by/Aptitud verbal y organización textual/IDD_B17_I03.json","L030","El ejercicio de secuenciar fases de escritura queda en ordenamiento procedimental obvio y no discrimina una competencia docente sustantiva.","remanufactura/deuda-remanufactura-total.csv"
"IDD_B17_I04","DESCARTE_TECNICO","-100","lectura_critica","aptitud_verbal","por_confirmar","funcional","REUTILIZAR_CASO_OPEC","content/items/stand-by/Aptitud verbal y organización textual/IDD_B17_I04.json","L030","La clave descansa casi por completo en marcadores discursivos demasiado visibles y no en una lectura critica de mayor nivel.","remanufactura/deuda-remanufactura-total.csv"
"IDD_B17_I05","DESCARTE_TECNICO","-100","lectura_critica","aptitud_verbal","por_confirmar","funcional","REVISION_OPEC","content/items/stand-by/Aptitud verbal y organización textual/IDD_B17_I05.json","L030","Aunque agrega una variacion temporal, la tarea sigue siendo mecanica y de baja relevancia para seleccion docente.","remanufactura/deuda-remanufactura-total.csv"
"CB05_I01","DESCARTE_TECNICO","-100","normatividad","comunicacion_institucional","por_confirmar","funcional","REUTILIZAR_CASO_OPEC","content/items/stand-by/Comunicación asertiva/CB05_I01.json","L030","La opcion B combina escucha, precision del problema y construccion conjunta de compromisos, que es justamente la forma mas defendible de comunicacion asertiva en un conflicto profesional. / La opción B integra escucha activa, delimitación objetiva del problema y construcción de acuerdos verificables. Esa secuencia muestra comunicación asertiva observable y orientada a solución, no solo control del conflicto. / La clave es demasiado visible por superioridad moral y las opciones incorrectas no com","remanufactura/deuda-remanufactura-total.csv"
"CB05_I02","DESCARTE_TECNICO","-100","normatividad","comunicacion_institucional","por_confirmar","funcional","REUTILIZAR_CASO_OPEC","content/items/stand-by/Comunicación asertiva/CB05_I02.json","L001","Escuchar, validar y encauzar el caso a un espacio formal permite atender la inconformidad sin escalar el conflicto ni sacrificar el análisis objetivo de los hechos. / Ya fue auditado en L001; no se reprocesa en L030. / Escenario potencialmente util, pero la respuesta correcta destaca por tono virtuoso mientras las demas alternativas son caricaturescas. / Escenario potencialmente útil, pero la respuesta correcta destaca por tono virtuoso y las alternativas son caricaturescas.","remanufactura/deuda-remanufactura-total.csv"
"CB05_I03","DESCARTE_TECNICO","-100","normatividad","comunicacion_institucional","por_confirmar","funcional","REUTILIZAR_CASO_OPEC","content/items/stand-by/Comunicación asertiva/CB05_I03.json","L030","La opcion A mantiene el foco restaurativo: escucha, reconocimiento de afectaciones y construccion inicial de acuerdos. Las demas alternativas se desplazan hacia punicion o humillacion. / La opción A estructura una mediación restaurativa: escucha, reconocimiento del impacto, responsabilización y acuerdos verificables. Las demás opciones bloquean el diálogo o reemplazan la reparación por silenciamiento o exposición punitiva. / Se resuelve por adhesion restaurativa obvia y las opciones incorrectas ","remanufactura/deuda-remanufactura-total.csv"
"CEOL_B10_I01","DESCARTE_TECNICO","-100","normatividad","organizacion_educativa","por_confirmar","funcional","RECONSTRUIR_OPEC","content/items/stand-by/Autonomía institucional, enfoques de convivencia y organización del servicio educativo/CEOL_B10_I01.json","L003","Ítem normativo de memoria casi textual sobre los enfoques de la Ley 1620. El contexto no transforma la tarea real, los distractores compiten poco y el valor discriminativo para el banco es insuficiente. / Memoria normativa plana sobre enfoques de convivencia sin decisión institucional observable. / Se resuelve por memoria normativa casi textual sobre los enfoques de la Ley 1620. El caso es decorativo y no aporta juicio de gestion real.","remanufactura/deuda-remanufactura-total.csv"
"CEOL_B10_I05","DESCARTE_TECNICO","-100","normatividad","organizacion_educativa","por_confirmar","funcional","RECONSTRUIR_OPEC","content/items/stand-by/Autonomía institucional, enfoques de convivencia y organización del servicio educativo/CEOL_B10_I05.json","L003","Ítem excesivamente dependiente de recordar cifras horarias exactas y de comparar varias reglas de cargos distintos dentro de opciones largas. La dificultad proviene del recuerdo literal y de la carga verbal, no del constructo de juicio institucional. / La tarea depende de cifras normativas recordadas literalmente y no de decisión institucional observable. / Depende de recordar cifras horarias exactas y mezcla varios cargos en opciones largas. La dificultad proviene del recuerdo literal y de la c","remanufactura/deuda-remanufactura-total.csv"
"DIL_B02_I01","DESCARTE_TECNICO","-100","normatividad","Concepto básico del procedimiento","orientador","funcional","RECONSTRUIR_OPEC","content/items/stand-by/PARD y restablecimiento de derechos/DIL_B02_I01.json","L001","PARD nombra el procedimiento administrativo de protección orientado a restablecer derechos vulnerados o amenazados de niños, niñas y adolescentes. / Pregunta por la expansion de la sigla PARD y su definicion general, lo que la convierte en memoria legal plana de baja utilidad para el banco.","remanufactura/deuda-remanufactura-total.csv"
"DIL_B03_I01","DESCARTE_TECNICO","-100","normatividad","evolucion_normativa_infancia","por_confirmar","funcional","RECONSTRUIR_OPEC","content/items/stand-by/Evolución normativa - Código del Menor vs. Ley 1098/DIL_B03_I01.json","L016","El ítem se apoya en recordar el contraste doctrinal entre situación irregular y protección integral, sin llevar esa diferencia a una decisión institucional o jurídica situada.","remanufactura/deuda-remanufactura-total.csv"
"DIL_B03_I02","DESCARTE_TECNICO","-100","normatividad","evolucion_normativa_infancia","por_confirmar","funcional","RECONSTRUIR_OPEC","content/items/stand-by/Evolución normativa - Código del Menor vs. Ley 1098/DIL_B03_I02.json","L016","La tarea es una interpretación plana del concepto de situación irregular; predomina memoria jurídica y los distractores no ofrecen competencia suficiente.","remanufactura/deuda-remanufactura-total.csv"
"DIL_B03_I03","DESCARTE_TECNICO","-100","normatividad","evolucion_normativa_infancia","por_confirmar","funcional","RECONSTRUIR_OPEC","content/items/stand-by/Evolución normativa - Código del Menor vs. Ley 1098/DIL_B03_I03.json","L016","Aunque el contexto intenta situar el caso, la respuesta correcta depende sobre todo de recordar una formulación doctrinal general sobre titularidad de derechos y prevalencia del interés superior.","remanufactura/deuda-remanufactura-total.csv"
"DIL_B05_I02","DESCARTE_TECNICO","-100","normatividad","menor_infractor","orientador","funcional","REVISION_OPEC","content/items/stand-by/Menor infractor, edad penal y rutas de protección/DIL_B05_I02.json","L022","La respuesta correcta aplica la ruta administrativa de protección correspondiente a menores de 14 años, no el régimen penal adolescente ni la justicia ordinaria.","remanufactura/deuda-remanufactura-total.csv"
"DIL_B05_I03","DESCARTE_TECNICO","-100","normatividad","menor_infractor","orientador","funcional","REVISION_OPEC","content/items/stand-by/Menor infractor, edad penal y rutas de protección/DIL_B05_I03.json","L022","La respuesta correcta distingue dos rutas claramente diferentes: protección administrativa antes de los 14 años y sistema penal adolescente especializado a partir de los 14.","remanufactura/deuda-remanufactura-total.csv"
"PPDC_B06_I02","DESCARTE_TECNICO","-100","normatividad","Educación para el trabajo y el desarrollo humano","por_confirmar","funcional","RECONSTRUIR_OPEC","content/items/stand-by/Normatividad, fines de la educación y educación no formal/PPDC_B06_I02.json","L001","La ETDH agrupa ofertas estructuradas que desarrollan competencias ocupacionales sin hacer parte del sistema formal por niveles y grados. / Aunque tiene apariencia de caso, la tarea central es clasificar juridicamente la oferta como educacion para el trabajo y el desarrollo humano; depende de recuerdo normativo y no de juicio institucional o pedagogico suficiente. / Ya auditado en L023; se conserva la trazabilidad previa y no se reprocesa en este lote.","remanufactura/deuda-remanufactura-total.csv"
"CB14_I02","DESCARTE_TECNICO","-100","pedagogia","","por_confirmar","funcional","REUTILIZAR_CASO_OPEC","content/items/stand-by/Propósitos de la educación/CB14_I02.json","L025","El ítem formula una adhesión casi declarativa a proyectos transversales valiosos, pero con una clave demasiado obvia y sin suficiente tensión cognitiva para discriminar bien.","remanufactura/deuda-remanufactura-total.csv"
"CEOL_B01_I01","DESCARTE_TECNICO","-100","pedagogia","","por_confirmar","funcional","RECONSTRUIR_OPEC","content/items/stand-by/Sistema Nacional de Convivencia Escolar, Ruta de Atención y tipificación de situaciones/CEOL_B01_I01.json","L028","Pregunta de memoria literal sobre ejes del Sistema Nacional de Convivencia Escolar; no exige lectura situada de ruta ni decision profesional observable. / Memoria legal plana de ejes normativos sin ruta situada.","remanufactura/deuda-remanufactura-total.csv"
"CEOL_B01_I02","DESCARTE_TECNICO","-100","pedagogia","","por_confirmar","funcional","REUTILIZAR_CASO_OPEC","content/items/stand-by/Sistema Nacional de Convivencia Escolar, Ruta de Atención y tipificación de situaciones/CEOL_B01_I02.json","L028","Usa contexto escolar para preguntar el origen de la ley; el contexto no altera la tarea y la discriminacion potencial es baja. / Origen de la ley preguntado con contexto decorativo y sin decisión profesional observable.","remanufactura/deuda-remanufactura-total.csv"
"CEOL_B01_I03","DESCARTE_TECNICO","-100","pedagogia","","por_confirmar","funcional","RECONSTRUIR_OPEC","content/items/stand-by/Sistema Nacional de Convivencia Escolar, Ruta de Atención y tipificación de situaciones/CEOL_B01_I03.json","L028","Reduce la Ruta de Atencion a recuerdo de componentes y no a decision situada frente a un caso. / Recuerdo de componentes de la ruta sin convivencia aplicada ni proporcionalidad situada.","remanufactura/deuda-remanufactura-total.csv"
"CEOL_B01_I04","DESCARTE_TECNICO","-100","pedagogia","","por_confirmar","funcional","RECONSTRUIR_OPEC","content/items/stand-by/Sistema Nacional de Convivencia Escolar, Ruta de Atención y tipificación de situaciones/CEOL_B01_I04.json","L028","Pregunta solo la jerarquia del sistema; es clasificacion memoristica con poco valor para el banco. / Clasificación memorística de niveles del sistema con baja dificultad auténtica.","remanufactura/deuda-remanufactura-total.csv"
"CEOL_B02_I02","DESCARTE_TECNICO","-100","pedagogia","","por_confirmar","funcional","RECONSTRUIR_OPEC","content/items/stand-by/Enfoque de derechos, debido proceso y justicia restaurativa/CEOL_B02_I02.json","L013-A","Se queda en una interpretación general de sujetos de derechos con distractores demasiado obvios; no exige juicio profesional situado ni discrimina bien. / Pregunta definicional sobre sujeto de derechos; no exige actuación profesional observable.","remanufactura/deuda-remanufactura-total.csv"
"CEOL_B02_I03","DESCARTE_TECNICO","-100","pedagogia","","por_confirmar","funcional","RECONSTRUIR_OPEC","content/items/stand-by/Enfoque de derechos, debido proceso y justicia restaurativa/CEOL_B02_I03.json","L013-A","La clave depende de recordar la prevalencia constitucional de los derechos de NNA; el caso no añade una decisión escolar suficientemente exigente. / Depende de memoria constitucional y baja discriminación en contexto escolar situado.","remanufactura/deuda-remanufactura-total.csv"
"CEOL_B04_I01","DESCARTE_TECNICO","-100","pedagogia","","por_confirmar","funcional","RECONSTRUIR_OPEC","content/items/stand-by/Corresponsabilidad, entorno y cuidado institucional/CEOL_B04_I01.json","L006-A","Memoria normativa casi literal sobre los tres actores corresponsables. El contexto no cambia la tarea real y los distractores son demasiado débiles para sostener valor psicométrico.","remanufactura/deuda-remanufactura-total.csv"
"CEOL_B05_I01","DESCARTE_TECNICO","-100","pedagogia","","por_confirmar","funcional","RECONSTRUIR_OPEC","content/items/stand-by/PEI, currículo oficial y Manual de Convivencia/CEOL_B05_I01.json","L024","Pregunta definicion de curriculo oficial frente a curriculo oculto y nulo. El contexto institucional es decorativo y no exige articulacion situada. / Pregunta de clasificación doctrinal sobre currículo oficial frente a currículo oculto y nulo. El contexto no obliga a decidir una actuación institucional real y la clave se sostiene por definición. / Taxonomía curricular plana sin lectura institucional situada. / El item solo pide distinguir curriculo oficial de curriculo oculto y nulo. El contexto","remanufactura/deuda-remanufactura-total.csv"
"CEOL_B05_I02","DESCARTE_TECNICO","-100","pedagogia","","por_confirmar","funcional","RECONSTRUIR_OPEC","content/items/stand-by/PEI, currículo oficial y Manual de Convivencia/CEOL_B05_I02.json","L024","La tarea real es recordar la relacion jerarquica entre PEI y Manual de Convivencia, no resolver una decision institucional observable. / El enunciado aparenta lectura institucional, pero la operación mental central es recordar la jerarquía entre PEI y Manual de Convivencia; los distractores son poco competitivos y la clave sobresale por doctrina básica. / Jerarquía documental preguntada como memoria conceptual con contexto decorativo. / Se disfraza de articulacion institucional, pero la tarea re","remanufactura/deuda-remanufactura-total.csv"
"CEOL_B05_I03","DESCARTE_TECNICO","-100","pedagogia","","por_confirmar","funcional","RECONSTRUIR_OPEC","content/items/stand-by/PEI, currículo oficial y Manual de Convivencia/CEOL_B05_I03.json","L024","Item taxonomico sobre funcion estructural de PEI, curriculo y manual. Los distractores son conceptuales, no errores institucionales plausibles. / Reduce la relación PEI-currículo-manual a una taxonomía de funciones. No exige resolver una incoherencia institucional concreta ni priorizar una decisión de gestión curricular. / Relación PEI-currículo-manual convertida en taxonomía funcional memorística, sin decisión observable. / Reduce la relacion entre PEI, curriculo y manual a taxonomia estructura","remanufactura/deuda-remanufactura-total.csv"
"CEOL_B06_I01","DESCARTE_TECNICO","-100","pedagogia","","por_confirmar","funcional","RECONSTRUIR_OPEC","content/items/stand-by/Evaluación formativa, mejora continua y lenguaje evaluativo/CEOL_B06_I01.json","L015","Es una pregunta definicional sobre el rasgo general de la evaluación formativa; no exige resolución pedagógica situada ni uso real de evidencia para mejorar el aprendizaje. / Formula la evaluacion formativa como definicion correcta frente a distractores muy previsibles. No pide usar evidencia, ni retroalimentacion, ni reajuste didactico en una situacion profesional concreta. / La respuesta correcta depende de un reconocimiento definicional de evaluación formativa y no de una decisión basada en e","remanufactura/deuda-remanufactura-total.csv"
"CEOL_B06_I02","DESCARTE_TECNICO","-100","pedagogia","","por_confirmar","funcional","REUTILIZAR_CASO_OPEC","content/items/stand-by/Evaluación formativa, mejora continua y lenguaje evaluativo/CEOL_B06_I02.json","L015","Se centra en el objetivo general de evaluar por competencias y no en evaluación formativa como uso de evidencia; queda demasiado conceptual para el foco del lote. / Se limita a preguntar el objetivo general de evaluar por competencias. La clave se reconoce por discurso oficial y los distractores no representan errores finos de interpretacion evaluativa. / Se mueve en generalidades sobre competencias y mejora, con pseudoanálisis y bajo valor de discriminación para el banco.","remanufactura/deuda-remanufactura-total.csv"
"CEOL_B07_I03","DESCARTE_TECNICO","-100","pedagogia","","por_confirmar","funcional","REUTILIZAR_CASO_OPEC","content/items/stand-by/Ideas previas, conflicto cognitivo y desarrollo constructivista/CEOL_B07_I03.json","L018","Pseudoanalisis basado en definicion epistemologica del constructivismo. El item no exige accion docente observable y sus distractores son caricaturescos.","remanufactura/deuda-remanufactura-total.csv"
"CEOL_B07_I04","DESCARTE_TECNICO","-100","pedagogia","","por_confirmar","funcional","REVISION_OPEC","content/items/stand-by/Ideas previas, conflicto cognitivo y desarrollo constructivista/CEOL_B07_I04.json","L018","El contexto es decorativo y la tarea real es reconocer la formulacion teorica correcta sobre asimilacion. No aporta evidencia aplicable al rol docente.","remanufactura/deuda-remanufactura-total.csv"
"CEOL_B07_I05","DESCARTE_TECNICO","-100","pedagogia","","por_confirmar","funcional","REUTILIZAR_CASO_OPEC","content/items/stand-by/Ideas previas, conflicto cognitivo y desarrollo constructivista/CEOL_B07_I05.json","L018","Recuerda la relacion entre conflicto cognitivo, desequilibrio y acomodacion, pero no observa una decision pedagogica ni ofrece distractores con fuerza discriminativa suficiente.","remanufactura/deuda-remanufactura-total.csv"
"CEOL_B07_I06","DESCARTE_TECNICO","-100","pedagogia","","por_confirmar","funcional","REUTILIZAR_CASO_OPEC","content/items/stand-by/Ideas previas, conflicto cognitivo y desarrollo constructivista/CEOL_B07_I06.json","L018","Mide definicion de equilibrio cognitivo y saber hacer en contexto mediante opciones obvias, sin convertir el concepto en accion docente observable.","remanufactura/deuda-remanufactura-total.csv"
"CEOL_B08_I02","DESCARTE_TECNICO","-100","pedagogia","","por_confirmar","funcional","REVISION_OPEC","content/items/stand-by/Enseñar, formar, motivación didáctica y competencias socioemocionales/CEOL_B08_I02.json","L014","Pregunta una definicion de enseñar por competencias y no una comparacion didactica fina con accion observable.","remanufactura/deuda-remanufactura-total.csv"
"CEOL_B08_I03","DESCARTE_TECNICO","-100","pedagogia","","por_confirmar","funcional","REUTILIZAR_CASO_OPEC","content/items/stand-by/Enseñar, formar, motivación didáctica y competencias socioemocionales/CEOL_B08_I03.json","L014","Se apoya en un lugar comun sobre formacion integral y distractores moralmente demasiado obvios.","remanufactura/deuda-remanufactura-total.csv"
"CEOL_B08_I05","DESCARTE_TECNICO","-100","pedagogia","","por_confirmar","funcional","RECONSTRUIR_OPEC","content/items/stand-by/Enseñar, formar, motivación didáctica y competencias socioemocionales/CEOL_B08_I05.json","L014","La clave depende de clasificacion normativa plana sobre competencias comportamentales segun una guia; no hay accion docente observable.","remanufactura/deuda-remanufactura-total.csv"
"DIL_B01_I01","DESCARTE_TECNICO","-100","pedagogia","","por_confirmar","basica","RECONSTRUIR_OPEC","content/items/stand-by/Corresponsabilidad, protección integral y sujetos de derechos/DIL_B01_I01.json","L006-A","Pregunta por el nombre del principio jurídico de la Ley 1098. La tarea es nominal, el contexto no agrega decisión real y los distractores son de relleno. / La clave depende del recuerdo directo del nombre del principio y el contexto no añade una decisión profesional observable. / Ítem ya auditado en L029 con decisión DESCARTAR; no se reprocesa.","remanufactura/deuda-remanufactura-total.csv"
"DIL_B01_I02","DESCARTE_TECNICO","-100","pedagogia","","por_confirmar","basica","REVISION_OPEC","content/items/stand-by/Corresponsabilidad, protección integral y sujetos de derechos/DIL_B01_I02.json","L006-A","Ítem redundante y casi textual sobre la tríada familia-sociedad-Estado. Valor psicométrico bajo y solapamiento con otros del mismo bloque. / Pregunta memorística sobre los tres corresponsables; no exige juicio institucional ni genera evidencia útil para el banco. / Ítem ya auditado en L029 con decisión DESCARTAR; no se reprocesa.","remanufactura/deuda-remanufactura-total.csv"
"DIL_B01_I04","DESCARTE_TECNICO","-100","pedagogia","","por_confirmar","basica","REUTILIZAR_CASO_OPEC","content/items/stand-by/Corresponsabilidad, protección integral y sujetos de derechos/DIL_B01_I04.json","L006-B","Definición declarativa de sujetos titulares de derechos con distractores poco plausibles. La tarea es conceptual básica y no aporta suficiente evidencia de juicio o aplicación. / Se queda en definición general de sujetos de derechos y no convierte el contexto en una actuación pedagógica o institucional observable. / Ítem ya auditado en L029 con decisión DESCARTAR; no se reprocesa.","remanufactura/deuda-remanufactura-total.csv"
"DIL_B01_I05","DESCARTE_TECNICO","-100","pedagogia","","por_confirmar","basica","RECONSTRUIR_OPEC","content/items/stand-by/Corresponsabilidad, protección integral y sujetos de derechos/DIL_B01_I05.json","L006-B","Duplica el foco de memoria normativa sobre la corresponsabilidad y repite la misma tríada de actores con poca novedad evaluativa. / Duplica el foco memorístico de DIL_B01_I02 y no aporta mejor discriminación ni mayor valor de banco. / Ítem ya auditado en L029 con decisión DESCARTAR; no se reprocesa.","remanufactura/deuda-remanufactura-total.csv"
"DIL_B02_I05","DESCARTE_TECNICO","-100","pedagogia","","por_confirmar","funcional","REVISION_OPEC","content/items/stand-by/PARD y restablecimiento de derechos/DIL_B02_I05.json","L023","La pregunta termina evaluando la definicion del hogar sustituto como medida provisional y no una decision situada de proteccion o una actuacion institucional concreta.","remanufactura/deuda-remanufactura-total.csv"
"DIL_B04_I02","DESCARTE_TECNICO","-100","pedagogia","","por_confirmar","funcional","RECONSTRUIR_OPEC","content/items/stand-by/Responsabilidad legal escolar, riesgos y prohibición de tratos degradantes/DIL_B04_I02.json","L027","El item pregunta por el principio constitucional o legal que fundamenta la prohibicion de tratos degradantes y se resuelve por memoria normativa, no por actuacion escolar situada. / Se resuelve por recuerdo del principio de prohibición de tratos degradantes y no por actuación escolar situada.","remanufactura/deuda-remanufactura-total.csv"
"DIL_B06_I01","DESCARTE_TECNICO","-100","pedagogia","","preescolar","funcional","RECONSTRUIR_OPEC","content/items/stand-by/Participación infantil, agencia y Convención sobre los Derechos del Niño/DIL_B06_I01.json","L024","La clave depende de recordar literalmente el Articulo 12 de la Convencion sobre los Derechos del Nino. Predomina memoria normativa declarativa. / Ítem ya auditado en L024 y registrado como omitido en L042; no se reprocesa.","remanufactura/deuda-remanufactura-total.csv"
"DIL_B07_I01","DESCARTE_TECNICO","-100","pedagogia","","por_confirmar","basica","REVISION_OPEC","content/items/stand-by/Mecanismos de participación ciudadana: plebiscito, consulta y límites/DIL_B07_I01.json","L022","Es una diferenciación técnico-constitucional de plebiscito y consulta popular sin actuación docente observable ni valor funcional para el banco. / Ítem ya auditado en L022 con decisión DESCARTAR; no se reprocesa.","remanufactura/deuda-remanufactura-total.csv"
"DIL_B07_I03","DESCARTE_TECNICO","-100","pedagogia","","por_confirmar","basica","RECONSTRUIR_OPEC","content/items/stand-by/Mecanismos de participación ciudadana: plebiscito, consulta y límites/DIL_B07_I03.json","L022","Se limita a clasificar mecanismos del artículo 103 de la Constitución; es memoria cívica sin decisión profesional observable. / Ítem ya auditado en L022 con decisión DESCARTAR; no se reprocesa.","remanufactura/deuda-remanufactura-total.csv"
"DIL_B07_I04","DESCARTE_TECNICO","-100","pedagogia","","por_confirmar","basica","REVISION_OPEC","content/items/stand-by/Mecanismos de participación ciudadana: plebiscito, consulta y límites/DIL_B07_I04.json","L022","Aunque trata derechos de la infancia, sigue siendo una pregunta de principio constitucional con bajo anclaje al rol docente y baja utilidad para el banco. / Ítem ya auditado en L022 con decisión DESCARTAR; no se reprocesa.","remanufactura/deuda-remanufactura-total.csv"
"DIL_B08_I01","DESCARTE_TECNICO","-100","pedagogia","","por_confirmar","funcional","DESCARTAR_DEFINITIVO","content/items/stand-by/Aptitud numérica: porcentajes y proporcionalidad/DIL_B08_I01.json","L030","El archivo aparece en el arbol web de GitHub, pero no fue recuperable por la API de contenidos ni por URL directa. Sin acceso al contenido no se puede validar clave, dificultad ni valor para el banco.","remanufactura/deuda-remanufactura-total.csv"
"DIL_B08_I02","DESCARTE_TECNICO","-100","pedagogia","","por_confirmar","funcional","DESCARTAR_DEFINITIVO","content/items/stand-by/Aptitud numérica: porcentajes y proporcionalidad/DIL_B08_I02.json","L030","El archivo aparece en el arbol web de GitHub, pero no fue recuperable por la API de contenidos ni por URL directa. Sin acceso al contenido no se puede validar clave, dificultad ni valor para el banco.","remanufactura/deuda-remanufactura-total.csv"
"DIL_B08_I03","DESCARTE_TECNICO","-100","pedagogia","","por_confirmar","funcional","DESCARTAR_DEFINITIVO","content/items/stand-by/Aptitud numérica: porcentajes y proporcionalidad/DIL_B08_I03.json","L030","El archivo aparece en el arbol web de GitHub, pero no fue recuperable por la API de contenidos ni por URL directa. Sin acceso al contenido no se puede validar clave, dificultad ni valor para el banco.","remanufactura/deuda-remanufactura-total.csv"
"EFCC_B01_I03","DESCARTE_TECNICO","-100","pedagogia","","por_confirmar","funcional","REUTILIZAR_CASO_OPEC","content/items/stand-by/Evaluación tecnicista, punitiva y formativa/EFCC_B01_I03.json","L016","La pregunta termina pidiendo la definición funcional de evaluación procesual formativa; el contraste entre opciones es demasiado evidente y la tarea no exige una decisión situada real.","remanufactura/deuda-remanufactura-total.csv"
"EFCC_B02_I01","DESCARTE_TECNICO","-100","pedagogia","","por_confirmar","funcional","RECONSTRUIR_OPEC","content/items/stand-by/Criterios, instrumentos y tipos de evaluacion/EFCC_B02_I01.json","L007","Pseudoanalisis con contexto decorativo; la clave se reconoce por memoria conceptual y los distractores son caricaturescos.","remanufactura/deuda-remanufactura-total.csv"
"EFCC_B02_I02","DESCARTE_TECNICO","-100","pedagogia","","por_confirmar","funcional","RECONSTRUIR_OPEC","content/items/stand-by/Criterios, instrumentos y tipos de evaluacion/EFCC_B02_I02.json","L007","Depende de memoria literal sobre criterios e instrumentos de evaluacion; la discriminacion esperable es baja por opciones obvias.","remanufactura/deuda-remanufactura-total.csv"
"EFCC_B02_I03","DESCARTE_TECNICO","-100","pedagogia","","por_confirmar","funcional","REUTILIZAR_CASO_OPEC","content/items/stand-by/Criterios, instrumentos y tipos de evaluacion/EFCC_B02_I03.json","L007","Se resuelve por reconocimiento terminologico y no por juicio pedagogico; presenta distractores debiles y dificultad artificial.","remanufactura/deuda-remanufactura-total.csv"
"EFCC_B02_I04","DESCARTE_TECNICO","-100","pedagogia","","por_confirmar","funcional","DESCARTAR_DEFINITIVO","content/items/stand-by/Criterios, instrumentos y tipos de evaluacion/EFCC_B02_I04.json","L007","La ruta fuente no resolvio en la rama master y no fue posible auditar ni corregir el item con trazabilidad suficiente.","remanufactura/deuda-remanufactura-total.csv"
"EFCC_B06_I04","DESCARTE_TECNICO","-100","pedagogia","","por_confirmar","funcional","REUTILIZAR_CASO_OPEC","content/items/stand-by/Evaluación cualitativa, formativa y participativa/EFCC_B06_I04.json","L015","Se reduce a nombrar autoevaluación, coevaluación y heteroevaluación; el contexto es decorativo, la clave es obvia y no exige una decisión pedagógica real. / El ítem deriva hacia clasificación evaluativa y deja la acción pedagógica en segundo plano; el contexto no aporta evidencia real.","remanufactura/deuda-remanufactura-total.csv"
"EIP_B01_I01","DESCARTE_TECNICO","-100","pedagogia","proyectos_pedagogicos","por_confirmar","funcional","RECONSTRUIR_OPEC","content/items/stand-by/Currículo obligatorio y proyectos pedagógicos transversales/EIP_B01_I01.json","L008","La clave depende del recuerdo textual del artículo 14 de la Ley 115 y premia memoria normativa literal más que comprensión o decisión curricular.","remanufactura/deuda-remanufactura-total.csv"
"EIP_B02_I02","DESCARTE_TECNICO","-100","pedagogia","","por_confirmar","funcional","RECONSTRUIR_OPEC","content/items/stand-by/Marco legal del preescolar y organización del nivel/EIP_B02_I02.json","L022","El ítem se reduce a recordar los grados del nivel preescolar y cuál es obligatorio. No produce evidencia de decisión pedagógica o institucional.","remanufactura/deuda-remanufactura-total.csv"
"EIP_B02_I03","DESCARTE_TECNICO","-100","pedagogia","","por_confirmar","funcional","RECONSTRUIR_OPEC","content/items/stand-by/Marco legal del preescolar y organización del nivel/EIP_B02_I03.json","L022","Aunque presenta un caso, la respuesta depende de recuperar literalmente los principios normativos del nivel, con baja discriminación esperada.","remanufactura/deuda-remanufactura-total.csv"
"EIP_B03_I01","DESCARTE_TECNICO","-100","pedagogia","","por_confirmar","funcional","RECONSTRUIR_OPEC","content/items/stand-by/Desarrollo integral en preescolar - cinco dimensiones/EIP_B03_I01.json","L010-A","Depende del recuerdo literal de la lista del artículo 15 de la Ley 115 y reduce el desarrollo integral a nomenclatura normativa, justo el riesgo que este lote debía evitar.","remanufactura/deuda-remanufactura-total.csv"
"EIP_B04_I01","DESCARTE_TECNICO","-100","pedagogia","Reconocimiento del cuerpo","preescolar","funcional","REUTILIZAR_CASO_OPEC","content/items/stand-by/Identidad, autonomía y reconocimiento del cuerpo/EIP_B04_I01.json","L001","La secuencia promueve autoconocimiento, aceptación corporal, identidad y autonomía, todos ejes centrales del nivel preescolar. / El contexto no compensa que la respuesta dependa del reconocimiento casi textual del objetivo legal y de distractores muy débiles, por lo que aporta poca evidencia sobre decisión pedagógica real.","remanufactura/deuda-remanufactura-total.csv"
"GA02_B05_I01","DESCARTE_TECNICO","-100","pedagogia","","por_confirmar","funcional","RECONSTRUIR_OPEC","content/items/stand-by/Concepto y tipos de currículo/GA02_B05_I01_concepto_curriculo.json","L032","Mide recuerdo definicional del concepto legal de curriculo y no exige interpretacion institucional ni decision pedagogica observable. / Mide definición literal de currículo educativo con base en Ley 115. La dificultad es baja y el valor funcional para perfil docente es insuficiente. / Definición legal de currículo sin aplicación institucional ni mediación docente observable.","remanufactura/deuda-remanufactura-total.csv"
"GA02_B05_I02","DESCARTE_TECNICO","-100","pedagogia","","por_confirmar","funcional","REVISION_OPEC","content/items/stand-by/Concepto y tipos de currículo/GA02_B05_I02_curriculo_oficial.json","L032","Se resuelve por reconocimiento del nombre tecnico de curriculo oficial y no agrega valor frente a versiones curriculares mas fuertes ya auditadas. / Pseudoaplicación: pese al contexto institucional, la tarea sigue siendo distinguir currículo oficial como categoría documental, sin una decisión curricular situada. / Reconocimiento doctrinal del currículo oficial sin tarea profesional auténtica.","remanufactura/deuda-remanufactura-total.csv"
"GA02_B05_I03","DESCARTE_TECNICO","-100","pedagogia","","por_confirmar","funcional","RECONSTRUIR_OPEC","content/items/stand-by/Concepto y tipos de currículo/GA02_B05_I03_curriculo_oculto.json","L032","Aunque usa caso escolar, la tarea real es poner etiqueta al concepto y duplica una version mas fuerte ya auditada sobre curriculo oculto. / El caso de aula desemboca en nombrar el currículo oculto. La respuesta correcta depende de taxonomía conceptual y no de juicio pedagógico fino o lectura institucional útil. / Nombrar currículo oculto como etiqueta no aporta lectura curricular situada ni toma de decisiones.","remanufactura/deuda-remanufactura-total.csv"
"GA02_B05_I04","DESCARTE_TECNICO","-100","pedagogia","","por_confirmar","funcional","RECONSTRUIR_OPEC","content/items/stand-by/Concepto y tipos de currículo/GA02_B05_I04_curriculo_nulo.json","L032","Es una version mas debil y taxonomica del curriculo nulo, ya cubierta por un item previo con mejor lectura aplicada. / Se limita a identificar el currículo nulo a partir de una definición extensa. No mide toma de decisiones curriculares, coherencia PEI-currículo ni actuación docente real. / Identificación de currículo nulo por definición extensa sin valor docente auténtico.","remanufactura/deuda-remanufactura-total.csv"
"GA02_B08","DESCARTE_TECNICO","-100","pedagogia","","por_confirmar","funcional","DESCARTAR_DEFINITIVO","content/items/stand-by/Normatividad y fines de la educación/GA02_B08.json","L023","El archivo aparecio listado en GitHub, pero no fue recuperable por la API de contenidos ni por URL directa durante esta auditoria. Sin acceso al contenido no es posible verificar clave, trazabilidad ni calidad psicometrica.","remanufactura/deuda-remanufactura-total.csv"
"IDD_B01_I04","DESCARTE_TECNICO","-100","pedagogia","","por_confirmar","funcional","REUTILIZAR_CASO_OPEC","content/items/stand-by/Sesgos culturales, lenguaje inclusivo y discriminación cotidiana/IDD_B01_I04.json","L060","La clave conceptual del conflicto cognitivo es visible y los distractores no modelan errores docentes suficientemente plausibles.","remanufactura/deuda-remanufactura-total.csv"
"IDD_B04_I01","DESCARTE_TECNICO","-100","pedagogia","","por_confirmar","funcional","RECONSTRUIR_OPEC","content/items/stand-by/DUA, PIAR y ajustes razonables/IDD_B04_I01.json","L038","Puede salvarse tras corregir consistencia interna. / El nucleo de la tarea es distinguir definicionalmente DUA y PIAR. Aunque hay contexto, la evidencia real sigue siendo reconocimiento textual del concepto correcto y no una decision pedagogica observable.","remanufactura/deuda-remanufactura-total.csv"
"IDD_B06_I03","DESCARTE_TECNICO","-100","pedagogia","","por_confirmar","funcional","REUTILIZAR_CASO_OPEC","content/items/stand-by/Inclusión práctica vs. segregación en aula/IDD_B06_I03.json","L020","Aunque el caso apunta a mediacion intercultural pertinente, los distractores quedan demasiado moralizantes y la mejor respuesta resulta obvia, con baja capacidad de discriminacion.","remanufactura/deuda-remanufactura-total.csv"
"IDD_B06_I04","DESCARTE_TECNICO","-100","pedagogia","","por_confirmar","funcional","RECONSTRUIR_OPEC","content/items/stand-by/Inclusión práctica vs. segregación en aula/IDD_B06_I04.json","L020","Depende de una definicion casi literal de inclusion efectiva y no de una decision docente observable o de una actuacion situada.","remanufactura/deuda-remanufactura-total.csv"
"IDD_B09_I01","DESCARTE_TECNICO","-100","pedagogia","","por_confirmar","funcional","REVISION_OPEC","content/items/stand-by/Inteligencia, inteligencias múltiples y didáctica heterogénea/IDD_B09_I01.json","L020","El item mide definicion conceptual de inteligencia coherente con competencias, pero no exige decision docente observable ni evidencia situada de desempeno profesional. / Formula una definición de inteligencia cercana a pseudoteoría competencial y no obliga a una actuación docente o institucional observable.","remanufactura/deuda-remanufactura-total.csv"
"IDD_B09_I02","DESCARTE_TECNICO","-100","pedagogia","diversificación de mediaciones de acceso","por_confirmar","funcional","REVISION_OPEC","content/items/stand-by/Inteligencia, inteligencias múltiples y didáctica heterogénea/IDD_B09_I02.json","L020","La tarea descansa en una lectura superficial y tipologica de inteligencias multiples, con riesgo de pseudoteoria y baja utilidad para un banco serio orientado a decisiones docentes observables. / La respuesta correcta no niega la abstracción ni individualiza en exceso; señala que el problema real es la homogeneización didáctica y la falta de mediaciones variadas para acceder al mismo propósito de aprendizaje.","remanufactura/deuda-remanufactura-total.csv"
"IDD_B09_I03","DESCARTE_TECNICO","-100","pedagogia","","por_confirmar","funcional","REVISION_OPEC","content/items/stand-by/Inteligencia, inteligencias múltiples y didáctica heterogénea/IDD_B09_I03.json","L020","Se resuelve por asociacion memoristica entre actividades y un tipo de inteligencia, sin valor suficiente de aplicacion didactica o juicio profesional. / Se reduce a asociar actividades estratégicas con una etiqueta de inteligencia, lo que lo vuelve una tipología trivial de baja discriminación.","remanufactura/deuda-remanufactura-total.csv"
"IDD_B10_I01","DESCARTE_TECNICO","-100","pedagogia","","por_confirmar","funcional","REVISION_OPEC","content/items/stand-by/Constructivismo, Vygotsky, sujeto político y subjetividad del conocimiento/IDD_B10_I01.json","L033","Es crítica doctrinal al modelo transmisivo, pero no convierte el problema en una actuación profesional específica.","remanufactura/deuda-remanufactura-total.csv"
"IDD_B10_I02","DESCARTE_TECNICO","-100","pedagogia","","por_confirmar","funcional","RECONSTRUIR_OPEC","content/items/stand-by/Constructivismo, Vygotsky, sujeto político y subjetividad del conocimiento/IDD_B10_I02.json","L033","Pregunta taxonómica sobre tipos de memoria, con baja observabilidad de decisión docente.","remanufactura/deuda-remanufactura-total.csv"
"IDD_B10_I03","DESCARTE_TECNICO","-100","pedagogia","","por_confirmar","funcional","REVISION_OPEC","content/items/stand-by/Constructivismo, Vygotsky, sujeto político y subjetividad del conocimiento/IDD_B10_I03.json","L033","Pide reconocer la función del lenguaje desde Vygotsky como etiqueta teórica más que como mediación docente evaluable.","remanufactura/deuda-remanufactura-total.csv"
"IDD_B10_I04","DESCARTE_TECNICO","-100","pedagogia","","por_confirmar","funcional","REVISION_OPEC","content/items/stand-by/Constructivismo, Vygotsky, sujeto político y subjetividad del conocimiento/IDD_B10_I04.json","L033","Es una disquisición filosófica sobre constructivismo radical con valor muy bajo para banco docente observable.","remanufactura/deuda-remanufactura-total.csv"
"IDD_B10_I05","DESCARTE_TECNICO","-100","pedagogia","","por_confirmar","funcional","REUTILIZAR_CASO_OPEC","content/items/stand-by/Constructivismo, Vygotsky, sujeto político y subjetividad del conocimiento/IDD_B10_I05.json","L033","El contexto de sujeto situado no se traduce en una decisión pedagógica concreta y la clave queda en un plano doctrinal general.","remanufactura/deuda-remanufactura-total.csv"
"IDD_B11_I02","DESCARTE_TECNICO","-100","pedagogia","","por_confirmar","funcional","REUTILIZAR_CASO_OPEC","content/items/stand-by/Error, conflicto cognitivo y reestructuración de esquemas/IDD_B11_I02.json","L014","Aunque tiene accion docente, la clave sigue demasiado guiada por explicacion cientifica y contraejemplos esperables; discrimina poco.","remanufactura/deuda-remanufactura-total.csv"
"IDD_B12_I04","DESCARTE_TECNICO","-100","pedagogia","Uso pedagógico del material concreto","basica_primaria","funcional","REUTILIZAR_CASO_OPEC","content/items/stand-by/Didáctica de áreas, resolución de problemas y material concreto/IDD_B12_I04.json","L043","La mediación docente estructura el tránsito conceptual. / El item se resuelve por reconocimiento de la teoria correcta sobre material concreto y no por una decision profesional situada. El contexto funciona como apoyo decorativo y los distractores son demasiado extremos.","remanufactura/deuda-remanufactura-total.csv"
"IDD_B13_I02","DESCARTE_TECNICO","-100","pedagogia","Metacognición y autorregulación en básica primaria","basica_primaria","funcional","REUTILIZAR_CASO_OPEC","content/items/stand-by/Evaluación colaborativa, coevaluación y metacognición/IDD_B13_I02.json","L015","La metacognición se promueve cuando el estudiante hace explícito cómo aprendió, qué obstáculos encontró y cómo puede mejorar o transferir estrategias. / El item se resuelve por reconocimiento directo de la bitacora reflexiva como herramienta de metacognicion. No exige analizar evidencia ni comparar errores docentes plausibles, y los distractores son demasiado obvios. / Se reduce a reconocer la bitácora reflexiva como etiqueta correcta para metacognición. La clave es demasiado visible y los distr","remanufactura/deuda-remanufactura-total.csv"
"IDD_B14_I01","DESCARTE_TECNICO","-100","pedagogia","","por_confirmar","funcional","REUTILIZAR_CASO_OPEC","content/items/stand-by/Diagnóstico pedagógico, saberes previos y evaluación formativa/IDD_B14_I01.json","L011","Demasiado genérico y redundante dentro del lote; no exige una decisión pedagógica suficientemente observable más allá de una formulación amplia sobre qué debe incluir el diagnóstico. / Generalidad pedagógica sin decisión auténtica ni evidencia de uso real del diagnóstico. / La respuesta correcta es una enumeración obvia de buenas prácticas diagnósticas frente a distractores absurdos. No discrimina bien y convierte el enfoque inclusivo en adhesión declarativa.","remanufactura/deuda-remanufactura-total.csv"
"IDD_B14_I02","DESCARTE_TECNICO","-100","pedagogia","Conflicto cognitivo con sentido pedagógico","por_confirmar","funcional","RECONSTRUIR_OPEC","content/items/stand-by/Diagnóstico pedagógico, saberes previos y evaluación formativa/IDD_B14_I02.json","L011","El conocimiento de las ideas previas permite que el conflicto cognitivo tenga dirección pedagógica y no se convierta en simple desconcierto. / Se conserva por su núcleo valioso sobre saberes previos y evaluación formativa, aunque todavía con clave demasiado visible. / Pregunta teoría casi literal sobre Ausubel y saberes previos. Predomina la explicación correcta de manual, no una decisión didáctica situada con competencia real entre opciones.","remanufactura/deuda-remanufactura-total.csv"
"IDD_B14_I04","DESCARTE_TECNICO","-100","pedagogia","","por_confirmar","funcional","REUTILIZAR_CASO_OPEC","content/items/stand-by/Diagnóstico pedagógico, saberes previos y evaluación formativa/IDD_B14_I04.json","L011","Se reduce a enumerar componentes del diagnóstico integral; la tarea no exige decisión pedagógica real y los distractores son demasiado obvios. / Pseudoanálisis basado en listado de componentes sin toma de decisiones pedagógicas real. / Se resuelve por una lista amplia y virtuosa frente a opciones estrechas u obvias. Mide reconocimiento del discurso integral, no juicio pedagógico fino.","remanufactura/deuda-remanufactura-total.csv"
"MTV_B18_I01","DESCARTE_TECNICO","-100","pedagogia","","por_confirmar","funcional","RECONSTRUIR_OPEC","content/items/stand-by/Tipos de currículo/MTV_B18_I01.json","L028","Pregunta de clasificacion superficial sobre curriculo oculto; la clave se vuelve visible por terminologia tecnica. / Ya auditado en L028; se conserva la trazabilidad previa y no se reprocesa en este lote de control de duplicados.","remanufactura/deuda-remanufactura-total.csv"
"MTV_B18_I02","DESCARTE_TECNICO","-100","pedagogia","","por_confirmar","funcional","REVISION_OPEC","content/items/stand-by/Tipos de currículo/MTV_B18_I02.json","L028","Solo exige reconocer la definicion de curriculo oficial; no hay decision pedagogica observable. / Ya auditado en L028; se conserva la trazabilidad previa y no se reprocesa en este lote de control de duplicados.","remanufactura/deuda-remanufactura-total.csv"
"MTV_B18_I03","DESCARTE_TECNICO","-100","pedagogia","","por_confirmar","funcional","REVISION_OPEC","content/items/stand-by/Tipos de currículo/MTV_B18_I03.json","L028","Reduce el item a nombrar el curriculo operacional, con dificultad inflada por metalenguaje y no por razonamiento. / Ya auditado en L028; se conserva la trazabilidad previa y no se reprocesa en este lote de control de duplicados.","remanufactura/deuda-remanufactura-total.csv"
"MTV_B18_I04","DESCARTE_TECNICO","-100","pedagogia","","por_confirmar","funcional","RECONSTRUIR_OPEC","content/items/stand-by/Tipos de currículo/MTV_B18_I04.json","L028","Clasificacion memoristica de curriculo nulo sin potencia discriminativa util para el banco. / Ya auditado en L028; se conserva la trazabilidad previa y no se reprocesa en este lote de control de duplicados.","remanufactura/deuda-remanufactura-total.csv"
"MTV_B18_I05","DESCARTE_TECNICO","-100","pedagogia","","por_confirmar","funcional","RECONSTRUIR_OPEC","content/items/stand-by/Tipos de currículo/MTV_B18_I05.json","L028","Comparacion taxonomica entre curriculo formal y operacional; el contexto no agrega una tarea profesional real. / Ya auditado en L028; se conserva la trazabilidad previa y no se reprocesa en este lote de control de duplicados.","remanufactura/deuda-remanufactura-total.csv"
"MTV_B18_I06","DESCARTE_TECNICO","-100","pedagogia","","por_confirmar","funcional","REUTILIZAR_CASO_OPEC","content/items/stand-by/Tipos de currículo/MTV_B18_I06.json","L028","El escenario termina resolviendose por una etiqueta curricular obvia y no por una decision pedagogica situada. / Ya auditado en L028; se conserva la trazabilidad previa y no se reprocesa en este lote de control de duplicados.","remanufactura/deuda-remanufactura-total.csv"
"MTV_B18_I09","DESCARTE_TECNICO","-100","pedagogia","","por_confirmar","funcional","REVISION_OPEC","content/items/stand-by/Tipos de currículo/MTV_B18_I09.json","L028","Clasifica una actividad como extracurricular o complementaria sin tarea cognitiva ni decision pedagogica sustantiva. / Ya auditado en L028; se conserva la trazabilidad previa y no se reprocesa en este lote de control de duplicados.","remanufactura/deuda-remanufactura-total.csv"
"MTV_B18_I11","DESCARTE_TECNICO","-100","pedagogia","","por_confirmar","funcional","RECONSTRUIR_OPEC","content/items/stand-by/Tipos de currículo/MTV_B18_I11.json","L028","La resolucion depende de una taxonomia poco estable y no de una decision pedagogica observable. / Ya auditado en L028; se conserva la trazabilidad previa y no se reprocesa en este lote de control de duplicados.","remanufactura/deuda-remanufactura-total.csv"
"MTV_B18_I12","DESCARTE_TECNICO","-100","pedagogia","","por_confirmar","funcional","REVISION_OPEC","content/items/stand-by/Tipos de currículo/MTV_B18_I12.json","L028","Aunque el contexto es util, la pregunta termina pidiendo el nombre de un principio curricular y no una actuacion profesional concreta. / Ya auditado en L028; se conserva la trazabilidad previa y no se reprocesa en este lote de control de duplicados.","remanufactura/deuda-remanufactura-total.csv"
"MTV_B18_I13","DESCARTE_TECNICO","-100","pedagogia","","por_confirmar","funcional","REUTILIZAR_CASO_OPEC","content/items/stand-by/Tipos de currículo/MTV_B18_I13.json","L028","Presenta inconsistencia entre la clave declarada, la justificacion y la funcion distractora; ademas es un item declarativo de baja discriminacion. / Ya auditado en L028; se conserva la trazabilidad previa y no se reprocesa en este lote de control de duplicados.","remanufactura/deuda-remanufactura-total.csv"
"MTV_B18_I14","DESCARTE_TECNICO","-100","pedagogia","","por_confirmar","funcional","RECONSTRUIR_OPEC","content/items/stand-by/Tipos de currículo/MTV_B18_I14.json","L028","Agrupa varios tipos de curriculo en una taxonomia memoristica con dificultad artificial y sin decision situada. / Ya auditado en L028; se conserva la trazabilidad previa y no se reprocesa en este lote de control de duplicados.","remanufactura/deuda-remanufactura-total.csv"
"MTV_B22_I01","DESCARTE_TECNICO","-100","pedagogia","aprendizaje_significativo","por_confirmar","funcional","REVISION_OPEC","content/items/stand-by/Aprendizaje significativo Ausubel/MTV_B22_I01.json","L047","Premia reconocimiento de una definición central de Ausubel y no una decisión docente observable.","remanufactura/deuda-remanufactura-total.csv"
"MTV_B22_I03","DESCARTE_TECNICO","-100","pedagogia","aprendizaje_significativo","por_confirmar","funcional","REVISION_OPEC","content/items/stand-by/Aprendizaje significativo Ausubel/MTV_B22_I03.json","L047","Obliga a clasificar el caso con jerga teórica y no a seleccionar una intervención pedagógica concreta.","remanufactura/deuda-remanufactura-total.csv"
"MTV_B22_I04","DESCARTE_TECNICO","-100","pedagogia","aprendizaje_significativo","por_confirmar","funcional","REVISION_OPEC","content/items/stand-by/Aprendizaje significativo Ausubel/MTV_B22_I04.json","L047","Se concentra en nombrar un recurso técnico y no en juzgar una decisión de aula observable.","remanufactura/deuda-remanufactura-total.csv"
"MTV_B22_I05","DESCARTE_TECNICO","-100","pedagogia","aprendizaje_significativo","por_confirmar","funcional","REUTILIZAR_CASO_OPEC","content/items/stand-by/Aprendizaje significativo Ausubel/MTV_B22_I05.json","L047","La clave es demasiado visible y la pregunta se resuelve como explicación doctrinal general.","remanufactura/deuda-remanufactura-total.csv"
"MTV_B22_I10","DESCARTE_TECNICO","-100","pedagogia","aprendizaje_significativo","por_confirmar","funcional","REVISION_OPEC","content/items/stand-by/Aprendizaje significativo Ausubel/MTV_B22_I10.json","L047","Formula una tesis amplia sobre el rol docente, pero no exige una decisión suficientemente fina y observable.","remanufactura/deuda-remanufactura-total.csv"
"MTV_B22_I11","DESCARTE_TECNICO","-100","pedagogia","aprendizaje_significativo","por_confirmar","funcional","REVISION_OPEC","content/items/stand-by/Aprendizaje significativo Ausubel/MTV_B22_I11.json","L047","Solapa un eje ya mejor cubierto por ítems previamente auditados sobre conflicto cognitivo y mantiene exceso de teorización.","remanufactura/deuda-remanufactura-total.csv"
"MTV_B22_I12","DESCARTE_TECNICO","-100","pedagogia","aprendizaje_significativo","por_confirmar","funcional","REVISION_OPEC","content/items/stand-by/Aprendizaje significativo Ausubel/MTV_B22_I12.json","L047","La opción A es la mejor porque articula conocimiento previo, organización del contenido y transferencia, tres rasgos centrales de una enseñanza orientada a comprensión.","remanufactura/deuda-remanufactura-total.csv"
"MTV_B31_I01","DESCARTE_TECNICO","-100","pedagogia","","por_confirmar","funcional","RECONSTRUIR_OPEC","content/items/stand-by/Jornada escolar, horario laboral y asignación académica/MTV_B31_I01.json","L021","Pregunta definicion literal de jornada escolar. El contexto no agrega decision profesional ni mejora la discriminacion. / Ya auditado en L021; se conserva la trazabilidad previa y no se reprocesa en este lote.","remanufactura/deuda-remanufactura-total.csv"
"MTV_B31_I02","DESCARTE_TECNICO","-100","pedagogia","","por_confirmar","funcional","RECONSTRUIR_OPEC","content/items/stand-by/Jornada escolar, horario laboral y asignación académica/MTV_B31_I02.json","L021","La tarea real es recordar que la jornada laboral incluye asignacion academica y actividades complementarias. Pseudoaplicacion normativa. / Ya auditado en L021; se conserva la trazabilidad previa y no se reprocesa en este lote.","remanufactura/deuda-remanufactura-total.csv"
"MTV_B31_I03","DESCARTE_TECNICO","-100","pedagogia","","por_confirmar","funcional","RECONSTRUIR_OPEC","content/items/stand-by/Jornada escolar, horario laboral y asignación académica/MTV_B31_I03.json","L021","Clasificacion conceptual sobre asignacion academica con distractores previsibles y sin accion profesional observable. / Ya auditado en L021; se conserva la trazabilidad previa y no se reprocesa en este lote.","remanufactura/deuda-remanufactura-total.csv"
"MTV_B31_I04","DESCARTE_TECNICO","-100","pedagogia","","por_confirmar","funcional","REVISION_OPEC","content/items/stand-by/Jornada escolar, horario laboral y asignación académica/MTV_B31_I04.json","L021","Pregunta obligacion general de actividades complementarias. La dificultad proviene del reconocimiento normativo, no del constructo evaluado. / Ya auditado en L021; se conserva la trazabilidad previa y no se reprocesa en este lote.","remanufactura/deuda-remanufactura-total.csv"
"MTV_B31_I05","DESCARTE_TECNICO","-100","pedagogia","","por_confirmar","funcional","REUTILIZAR_CASO_OPEC","content/items/stand-by/Jornada escolar, horario laboral y asignación académica/MTV_B31_I05.json","L021","Comparacion declarativa entre conceptos de tiempo escolar con distractores extremos y baja capacidad discriminativa. / Ya auditado en L021; se conserva la trazabilidad previa y no se reprocesa en este lote.","remanufactura/deuda-remanufactura-total.csv"
"MTV_B31_I06","DESCARTE_TECNICO","-100","pedagogia","","por_confirmar","funcional","REVISION_OPEC","content/items/stand-by/Jornada escolar, horario laboral y asignación académica/MTV_B31_I06.json","L021","Se limita a clasificar actividades curriculares complementarias. No exige juicio profesional mas alla de la etiqueta normativa. / Ya auditado en L021; se conserva la trazabilidad previa y no se reprocesa en este lote.","remanufactura/deuda-remanufactura-total.csv"
"MTV_B31_I10","DESCARTE_TECNICO","-100","pedagogia","","por_confirmar","funcional","RECONSTRUIR_OPEC","content/items/stand-by/Jornada escolar, horario laboral y asignación académica/MTV_B31_I10.json","L021","Aunque usa voz docente, la clave sigue dependiendo de recordar que la asignacion academica no agota la jornada laboral. / Ya auditado en L021; se conserva la trazabilidad previa y no se reprocesa en este lote.","remanufactura/deuda-remanufactura-total.csv"
"MTV_B31_I12","DESCARTE_TECNICO","-100","pedagogia","","por_confirmar","funcional","REUTILIZAR_CASO_OPEC","content/items/stand-by/Jornada escolar, horario laboral y asignación académica/MTV_B31_I12.json","L021","Sintesis de tres definiciones legales con distractores caricaturescos. No aporta valor nuevo al banco. / Ya auditado en L021; se conserva la trazabilidad previa y no se reprocesa en este lote.","remanufactura/deuda-remanufactura-total.csv"
"MTV_B36_I01","DESCARTE_TECNICO","-100","pedagogia","","por_confirmar","funcional","REVISION_OPEC","content/items/stand-by/Contexto, currículo y práctica educativa/MTV_B36_I01.json","L005","El contexto no aporta una decision real; solo conduce a nombrar la contextualizacion como criterio general.","remanufactura/deuda-remanufactura-total.csv"
"MTV_B36_I03","DESCARTE_TECNICO","-100","pedagogia","","por_confirmar","funcional","REVISION_OPEC","content/items/stand-by/Contexto, currículo y práctica educativa/MTV_B36_I03.json","L005","El caso termina reduciendose a poner nombre al dialogo de saberes; la tarea cognitiva esta inflada.","remanufactura/deuda-remanufactura-total.csv"
"MTV_B36_I04","DESCARTE_TECNICO","-100","pedagogia","","por_confirmar","funcional","REUTILIZAR_CASO_OPEC","content/items/stand-by/Contexto, currículo y práctica educativa/MTV_B36_I04.json","L005","La clave depende del reconocimiento de un principio deseable sobre diversidad linguistica y los distractores se autodestruyen.","remanufactura/deuda-remanufactura-total.csv"
"MTV_B36_I05","DESCARTE_TECNICO","-100","pedagogia","","por_confirmar","funcional","REVISION_OPEC","content/items/stand-by/Contexto, currículo y práctica educativa/MTV_B36_I05.json","L005","El contexto local-global es decorativo: la respuesta correcta ya viene insinuada como formula conceptual unica.","remanufactura/deuda-remanufactura-total.csv"
"MTV_B36_I06","DESCARTE_TECNICO","-100","pedagogia","","por_confirmar","funcional","REVISION_OPEC","content/items/stand-by/Contexto, currículo y práctica educativa/MTV_B36_I06.json","L005","Aunque mas aplicado, sigue resolviendose por reconocimiento de la unica evidencia correcta y no por comparacion didactica fina.","remanufactura/deuda-remanufactura-total.csv"
"MTV_B36_I08","DESCARTE_TECNICO","-100","pedagogia","","por_confirmar","funcional","REVISION_OPEC","content/items/stand-by/Contexto, currículo y práctica educativa/MTV_B36_I08.json","L005","El item no evalua decision institucional sino reconocimiento de la etiqueta 'gestion comunitaria'.","remanufactura/deuda-remanufactura-total.csv"
"MTV_B36_I09","DESCARTE_TECNICO","-100","pedagogia","","por_confirmar","funcional","REUTILIZAR_CASO_OPEC","content/items/stand-by/Contexto, currículo y práctica educativa/MTV_B36_I09.json","L005","La clave es moralmente evidente y el escenario no produce discriminacion comportamental real.","remanufactura/deuda-remanufactura-total.csv"
"MTV_B36_I10","DESCARTE_TECNICO","-100","pedagogia","","por_confirmar","funcional","REVISION_OPEC","content/items/stand-by/Contexto, currículo y práctica educativa/MTV_B36_I10.json","L005","Se resuelve con un lugar comun sobre conocer a los estudiantes y no con analisis de opciones tecnicamente cercanas.","remanufactura/deuda-remanufactura-total.csv"
"MTV_B36_I11","DESCARTE_TECNICO","-100","pedagogia","","por_confirmar","funcional","REVISION_OPEC","content/items/stand-by/Contexto, currículo y práctica educativa/MTV_B36_I11.json","L005","El item etiqueta un clima de aula deseable pero no obliga a comparar decisiones ni consecuencias reales.","remanufactura/deuda-remanufactura-total.csv"
"MTV_B36_I12","DESCARTE_TECNICO","-100","pedagogia","","por_confirmar","funcional","REVISION_OPEC","content/items/stand-by/Contexto, currículo y práctica educativa/MTV_B36_I12.json","L005","No tiene contexto funcional y resume una definicion de practica contextualizada en forma directa.","remanufactura/deuda-remanufactura-total.csv"
"NFL_B01_I02","DESCARTE_TECNICO","-100","pedagogia","","por_confirmar","funcional","RECONSTRUIR_OPEC","content/items/stand-by/Formación integral, fines de la educación y desarrollo de la personalidad/NFL_B01_I02.json","L017","La respuesta correcta depende de reconocer casi literalmente el fin legal sobre pleno desarrollo de la personalidad y no de analizar una actuacion docente observable.","remanufactura/deuda-remanufactura-total.csv"
"NFL_B01_I03","DESCARTE_TECNICO","-100","pedagogia","","por_confirmar","funcional","RECONSTRUIR_OPEC","content/items/stand-by/Formación integral, fines de la educación y desarrollo de la personalidad/NFL_B01_I03.json","L017","Pregunta basada en listado normativo y memoria de componentes transversales; los distractores son extremos y no modelan errores profesionales plausibles.","remanufactura/deuda-remanufactura-total.csv"
"NFL_B02_I01","DESCARTE_TECNICO","-100","pedagogia","","por_confirmar","funcional","REUTILIZAR_CASO_OPEC","content/items/stand-by/Cultura escolar, identidad institucional y PEI/NFL_B02_I01.json","L007","El contexto es decorativo y la respuesta depende de definicion escolar general; los distractores no sostienen discriminacion fina.","remanufactura/deuda-remanufactura-total.csv"
"NFL_B02_I02","DESCARTE_TECNICO","-100","pedagogia","","por_confirmar","funcional","REVISION_OPEC","content/items/stand-by/Cultura escolar, identidad institucional y PEI/NFL_B02_I02.json","L007","Pseudoanalisis con opciones extremas sobre PEI y manual de convivencia; no exige decision institucional autentica.","remanufactura/deuda-remanufactura-total.csv"
"NFL_B04_I01","DESCARTE_TECNICO","-100","pedagogia","","por_confirmar","funcional","RECONSTRUIR_OPEC","content/items/stand-by/Estructura del sistema educativo - educación básica, secundaria y media/NFL_B04_I01.json","L014","La clave depende de memoria normativa sobre areas obligatorias y continuidad de la educacion basica; el contexto no modifica la naturaleza del recuerdo literal.","remanufactura/deuda-remanufactura-total.csv"
"NFL_B04_I04","DESCARTE_TECNICO","-100","pedagogia","","por_confirmar","funcional","RECONSTRUIR_OPEC","content/items/stand-by/Estructura del sistema educativo - educación básica, secundaria y media/NFL_B04_I04.json","L014","La clave depende de memoria normativa casi directa sobre objetivos comunes y formacion ciudadana transversal; el contexto aporta poco.","remanufactura/deuda-remanufactura-total.csv"
"NFL_B05_I02","DESCARTE_TECNICO","-100","pedagogia","","por_confirmar","funcional","RECONSTRUIR_OPEC","content/items/stand-by/Corresponsabilidad educativa, ausentismo y posición de garante/NFL_B05_I02.json","L005","Depende de memoria literal sobre la composicion de la comunidad educativa segun la ley; no evalua aplicacion situada.","remanufactura/deuda-remanufactura-total.csv"
"NFL_B07_I02","DESCARTE_TECNICO","-100","pedagogia","","por_confirmar","funcional","REVISION_OPEC","content/items/stand-by/Educación como derecho fundamental, bien común y derecho pluridimensional/NFL_B07_I02.json","L013-A","Convierte la pluridimensionalidad del derecho a la educación en una definición conceptual de las 4A; el contexto no alcanza a producir una decisión profesional situada.","remanufactura/deuda-remanufactura-total.csv"
"NFL_B07_I03","DESCARTE_TECNICO","-100","pedagogia","","por_confirmar","funcional","REVISION_OPEC","content/items/stand-by/Educación como derecho fundamental, bien común y derecho pluridimensional/NFL_B07_I03.json","L013-A","Pregunta una explicación doctrinal sobre educación como bien común, con contexto decorativo y sin tarea de juicio profesional observable.","remanufactura/deuda-remanufactura-total.csv"
"NFL_B08_I02","DESCARTE_TECNICO","-100","pedagogia","","por_confirmar","funcional","REVISION_OPEC","content/items/stand-by/Igualdad material, discriminación positiva y debilidad manifiesta/NFL_B08_I02.json","L019","La tarea pregunta una definición de discriminación positiva en lugar de exigir aplicación situada, por lo que no genera evidencia suficiente sobre juicio docente o institucional.","remanufactura/deuda-remanufactura-total.csv"
"PPDC_B01_I02","DESCARTE_TECNICO","-100","pedagogia","","por_confirmar","funcional","REUTILIZAR_CASO_OPEC","content/items/stand-by/Práctica pedagógica no homogeneizadora y diversidad/PPDC_B01_I02.json","L026","La mejor respuesta resulta demasiado obvia y varios distractores se van hacia segregacion explicita o reduccion extrema del curriculo, con bajo valor discriminativo.","remanufactura/deuda-remanufactura-total.csv"
"PPDC_B01_I03","DESCARTE_TECNICO","-100","pedagogia","","por_confirmar","funcional","REUTILIZAR_CASO_OPEC","content/items/stand-by/Práctica pedagógica no homogeneizadora y diversidad/PPDC_B01_I03.json","L026","Aunque parte de un caso reconocible, el item queda resuelto por una critica doctrinal demasiado evidente a las guias iguales para todos y no por juicio pedagogico fino.","remanufactura/deuda-remanufactura-total.csv"
"PPDC_B01_I04","DESCARTE_TECNICO","-100","pedagogia","","por_confirmar","funcional","REUTILIZAR_CASO_OPEC","content/items/stand-by/Práctica pedagógica no homogeneizadora y diversidad/PPDC_B01_I04.json","L026","Se responde casi por reconocimiento de la etiqueta DUA y por descarte de opciones extremas, sin competencia real entre distractores.","remanufactura/deuda-remanufactura-total.csv"
"PPDC_B03_I02","DESCARTE_TECNICO","-100","pedagogia","","por_confirmar","funcional","REUTILIZAR_CASO_OPEC","content/items/stand-by/Constructivismo, indagación y aprendizaje experimental/PPDC_B03_I02.json","L005","El item pregunta teoria del tanteo experimental mas que una decision didactica real; la clave depende de un lugar comun teorico y los distractores son obvios. / Ya auditado en L005; se conserva la trazabilidad previa y no se reprocesa en este lote. / Se queda en explicacion teorica sobre tanteo experimental y aprender haciendo. No exige actuacion docente concreta, la tarea cognitiva esta inflada y los distractores se resuelven por descarte facil.","remanufactura/deuda-remanufactura-total.csv"
"PPDC_B04_I01","DESCARTE_TECNICO","-100","pedagogia","modelos_pedagogicos","por_confirmar","funcional","REVISION_OPEC","content/items/stand-by/Praxis pedagógica, didáctica y selección metodológica/PPDC_B04_I01.json","L057","La pedagogía orienta el sentido formativo de la acción educativa y la didáctica organiza su realización en el plano metodológico. / El ítem se limita a diferenciar pedagogía y didáctica como conceptos generales. No muestra una selección metodológica situada ni produce evidencia suficiente de decisión pedagógica observable.","remanufactura/deuda-remanufactura-total.csv"
"PPDC_B04_I02","DESCARTE_TECNICO","-100","pedagogia","Jerarquía entre metodología, estrategia didáctica y técnica","por_confirmar","funcional","REVISION_OPEC","content/items/stand-by/Praxis pedagógica, didáctica y selección metodológica/PPDC_B04_I02.json","L057","La respuesta correcta reconoce una jerarquía funcional real entre marco metodológico, organización estratégica y procedimiento concreto de aula.","remanufactura/deuda-remanufactura-total.csv"
