batchId,sourcePath,targetPath,decisionType,classificationConfidence,contentChange,reviewStatus,notes
L001,content/items/stand-by/Comunicación asertiva/CB05_I02.json,content/restructuring-v1/docente/competencias_ciudadanas/por_confirmar/comportamental/CB05_I02.json,copy_only,alta,false,copied_pending_review,"Original preserved in stand-by"
L001,content/items/stand-by/Diagnóstico pedagógico en educación primaria/PPDC_B05_I01.json,content/restructuring-v1/docente/pedagogia/basica_primaria/funcional/PPDC_B05_I01.json,copy_only,alta,false,copied_high_confidence,"Original preserved in stand-by"
L001,content/items/stand-by/Referentes PEI/CB08_I01.json,content/restructuring-v1/docente/gestion/rector_director_rural/basica/CB08_I01.json,copy_only,media,false,copied_pending_review,"Original preserved in stand-by"
L001,content/items/stand-by/Sesgos culturales, lenguaje inclusivo y discriminación cotidiana/IDD_B01_I01.json,content/restructuring-v1/docente/competencias_ciudadanas/por_confirmar/comportamental/IDD_B01_I01.json,copy_only,alta,false,copied_pending_review,"Original preserved in stand-by"
L001,content/items/stand-by/Educación como derecho fundamental, bien común y derecho pluridimensional/NFL_B07_I01.json,content/restructuring-v1/docente/normatividad/por_confirmar/basica/NFL_B07_I01.json,copy_only,alta,false,copied_pending_review,"Original preserved in stand-by"
L001,content/items/stand-by/Ideas previas, conflicto cognitivo y desarrollo constructivista/CEOL_B07_I01.json,content/restructuring-v1/docente/pedagogia/por_confirmar/funcional/CEOL_B07_I01.json,copy_only,alta,false,copied_pending_review,"Original preserved in stand-by"
L001,content/items/stand-by/Identidad, autonomía y reconocimiento del cuerpo/EIP_B04_I01.json,content/restructuring-v1/docente/pedagogia/preescolar/funcional/EIP_B04_I01.json,copy_only,alta,false,copied_high_confidence,"Original preserved in stand-by"
L001,content/items/stand-by/Igualdad material, discriminación positiva y debilidad manifiesta/NFL_B08_I01.json,content/restructuring-v1/docente/normatividad/por_confirmar/funcional/NFL_B08_I01.json,copy_only,alta,false,copied_pending_review,"Original preserved in stand-by"
L001,content/items/stand-by/Normatividad, fines de la educación y educación no formal/PPDC_B06_I01.json,content/restructuring-v1/docente/normatividad/por_confirmar/basica/PPDC_B06_I01.json,copy_only,alta,false,copied_pending_review,"Original preserved in stand-by"
L001,content/items/stand-by/Normatividad, fines de la educación y educación no formal/PPDC_B06_I02.json,content/restructuring-v1/docente/normatividad/por_confirmar/basica/PPDC_B06_I02.json,copy_only,alta,false,copied_pending_review,"Original preserved in stand-by"
L001,content/items/stand-by/PARD y restablecimiento de derechos/DIL_B02_I01.json,content/restructuring-v1/docente/normatividad/orientador/funcional/DIL_B02_I01.json,copy_only,alta,false,copied_high_confidence,"Original preserved in stand-by"
L001,content/items/stand-by/Praxis pedagógica, didáctica y selección metodológica/PPDC_B04_I01.json,content/restructuring-v1/docente/pedagogia/por_confirmar/basica/PPDC_B04_I01.json,copy_only,media,false,copied_pending_review,"Original preserved in stand-by"
